-- phpMyAdmin SQL Dump
-- version 5.1.1
-- https://www.phpmyadmin.net/
--
-- Servidor: 127.0.0.1
-- Tiempo de generación: 12-06-2025 a las 20:59:05
-- Versión del servidor: 10.4.21-MariaDB
-- Versión de PHP: 7.3.30

SET SQL_MODE = "NO_AUTO_VALUE_ON_ZERO";
START TRANSACTION;
SET time_zone = "+00:00";


/*!40101 SET @OLD_CHARACTER_SET_CLIENT=@@CHARACTER_SET_CLIENT */;
/*!40101 SET @OLD_CHARACTER_SET_RESULTS=@@CHARACTER_SET_RESULTS */;
/*!40101 SET @OLD_COLLATION_CONNECTION=@@COLLATION_CONNECTION */;
/*!40101 SET NAMES utf8mb4 */;

--
-- Base de datos: `baseball`
--

-- --------------------------------------------------------

--
-- Estructura de tabla para la tabla `calendario`
--

CREATE TABLE `calendario` (
  `id_cal` int(100) NOT NULL,
  `fecha` date NOT NULL,
  `categoria` varchar(1) NOT NULL,
  `id_temporada` int(100) NOT NULL,
  `id_team_one` int(100) NOT NULL,
  `name_team_one` varchar(60) NOT NULL,
  `id_team_two` int(100) NOT NULL,
  `name_team_two` varchar(60) NOT NULL,
  `dia` varchar(11) NOT NULL,
  `id_hora` int(100) NOT NULL,
  `hora` varchar(10) NOT NULL,
  `campo` int(1) NOT NULL
) ENGINE=InnoDB DEFAULT CHARSET=utf8mb4;

--
-- Volcado de datos para la tabla `calendario`
--

INSERT INTO `calendario` (`id_cal`, `fecha`, `categoria`, `id_temporada`, `id_team_one`, `name_team_one`, `id_team_two`, `name_team_two`, `dia`, `id_hora`, `hora`, `campo`) VALUES
(3, '2025-02-02', 'b', 3, 4, 'LOS PANAS', 9, 'OMY', 'Sábado', 9, '04:00 PM', 1),
(4, '2025-02-02', 'b', 3, 5, 'ASTROS', 10, 'AVIADORES', 'Sábado', 10, '04:30 PM', 2),
(5, '2025-02-02', 'b', 3, 4, 'LOS PANAS', 5, 'ASTROS', 'Sábado', 28, '09:30 PM', 1),
(6, '2025-02-02', 'c', 4, 16, 'EL COMBO', 14, 'CPV', 'Sábado', 7, '02:00 PM', 2),
(7, '2025-02-02', 'd', 5, 19, 'WILLRIT', 23, 'LOS COMPADRES', 'Sábado', 2, '08:30 AM', 1),
(8, '2025-02-02', 'd', 5, 23, 'LOS COMPADRES', 22, 'PIÑONAL', 'Sábado', 1, '08:00 AM', 2),
(9, '2025-02-02', 'c', 4, 12, 'RENEGADOS', 16, 'EL COMBO', 'Sábado', 1, '08:00 AM', 1),
(10, '2025-02-02', 'b', 3, 8, 'GREMIO', 4, 'LOS PANAS', 'Sábado', 2, '08:30 AM', 2),
(11, '2025-06-30', 'b', 3, 4, 'LOS PANAS', 6, 'HIDRO-RIEGO', 'Sábado', 9, '04:00 PM', 1);

-- --------------------------------------------------------

--
-- Estructura de tabla para la tabla `categorias`
--

CREATE TABLE `categorias` (
  `id_cat` int(10) NOT NULL,
  `categoria` varchar(1) NOT NULL
) ENGINE=InnoDB DEFAULT CHARSET=utf8mb4;

--
-- Volcado de datos para la tabla `categorias`
--

INSERT INTO `categorias` (`id_cat`, `categoria`) VALUES
(1, 'B'),
(2, 'C'),
(3, 'D');

-- --------------------------------------------------------

--
-- Estructura de tabla para la tabla `equipos`
--

CREATE TABLE `equipos` (
  `id_team` int(10) NOT NULL,
  `nom_team` varchar(50) NOT NULL,
  `n_jugadores` int(100) DEFAULT NULL,
  `categoria` varchar(1) NOT NULL
) ENGINE=InnoDB DEFAULT CHARSET=utf8mb4;

--
-- Volcado de datos para la tabla `equipos`
--

INSERT INTO `equipos` (`id_team`, `nom_team`, `n_jugadores`, `categoria`) VALUES
(4, 'LOS PANAS', 24, 'B'),
(5, 'ASTROS', 25, 'B'),
(6, 'HIDRO-RIEGO', 22, 'B'),
(7, 'LA FAMILIA', 26, 'B'),
(8, 'GREMIO', 26, 'B'),
(9, 'OMY', 26, 'B'),
(10, 'AVIADORES', 26, 'B'),
(12, 'RENEGADOS', 24, 'C'),
(13, 'VETERINARIOS', 23, 'C'),
(14, 'CPV', 21, 'C'),
(15, 'PIÑONAL', 24, 'C'),
(16, 'EL COMBO', 21, 'C'),
(17, 'CENTAUROS', 20, 'C'),
(18, 'LA MAQUINA', 19, 'C'),
(19, 'WILLRIT', 21, 'D'),
(20, 'CENTAUROS', 22, 'D'),
(21, 'LA MAQUINA', 21, 'D'),
(22, 'PIÑONAL', 22, 'D'),
(23, 'LOS COMPADRES', 0, 'D');

-- --------------------------------------------------------

--
-- Estructura de tabla para la tabla `homenaje`
--

CREATE TABLE `homenaje` (
  `id_hnr` int(100) NOT NULL,
  `id_temp` int(100) NOT NULL,
  `categoria` varchar(1) DEFAULT NULL,
  `honor` text DEFAULT NULL
) ENGINE=InnoDB DEFAULT CHARSET=utf8mb4;

--
-- Volcado de datos para la tabla `homenaje`
--

INSERT INTO `homenaje` (`id_hnr`, `id_temp`, `categoria`, `honor`) VALUES
(1, 3, 'B', 'José Rojas'),
(2, 4, 'C', 'Alexis Gonzales'),
(3, 5, 'D', 'JUAN MIJARES'),
(6, 6, 'B', 'jhon wick, keanus reeves');

-- --------------------------------------------------------

--
-- Estructura de tabla para la tabla `juegos`
--

CREATE TABLE `juegos` (
  `id_juego` int(100) NOT NULL,
  `id_tab` int(100) NOT NULL,
  `id_temp` int(100) NOT NULL,
  `nj` int(100) DEFAULT NULL,
  `jj` int(100) DEFAULT NULL,
  `team_one` int(100) DEFAULT NULL,
  `ca` int(100) DEFAULT NULL,
  `team_two` int(100) DEFAULT NULL,
  `ce` int(100) DEFAULT NULL,
  `estado` varchar(40) NOT NULL,
  `valido` int(1) DEFAULT NULL,
  `fech_part` date DEFAULT NULL
) ENGINE=InnoDB DEFAULT CHARSET=utf8mb4;

--
-- Volcado de datos para la tabla `juegos`
--

INSERT INTO `juegos` (`id_juego`, `id_tab`, `id_temp`, `nj`, `jj`, `team_one`, `ca`, `team_two`, `ce`, `estado`, `valido`, `fech_part`) VALUES
(1, 6, 3, 1, 1, 4, 2, 5, 0, 'Ganando', 1, '2025-06-07'),
(2, 6, 3, 2, 1, 4, 2, 5, 0, 'Ganando', 1, '2025-06-14'),
(3, 12, 3, 1, 1, 10, 6, 8, 3, 'Ganando', 1, '2025-06-07'),
(4, 12, 3, 2, 2, 10, 6, 8, 3, 'Ganando', 1, NULL),
(5, 10, 3, 1, 1, 8, 3, 10, 6, 'Perdido', 1, '2025-06-07'),
(6, 10, 3, 2, 2, 8, 3, 7, 4, 'Perdido', 1, '2025-06-14'),
(7, 9, 3, 1, 1, 7, 9, 6, 1, 'Ganando', 1, '2025-06-07'),
(8, 9, 3, 2, 2, 7, 4, 8, 3, 'Ganando', 1, '2025-06-14'),
(9, 7, 3, 1, 1, 6, 1, 7, 9, 'Perdido', 1, '2025-06-07'),
(10, 7, 3, 2, 2, 6, 1, 7, 9, 'Perdido', 1, '2025-06-14'),
(11, 11, 3, 1, 1, 9, 4, 6, 10, 'Perdido', 1, NULL),
(12, 8, 3, 1, 1, 5, 0, 4, 2, 'Perdido', 1, '2025-06-07'),
(13, 6, 3, 3, 3, 4, 6, 7, 4, 'Ganando', 1, '2025-06-07'),
(14, 9, 3, 3, 3, 7, 4, 4, 6, 'Perdido', 1, '2025-06-07'),
(15, 12, 3, 3, 3, 10, 11, 9, 0, 'Ganando', 1, '2025-06-07'),
(16, 11, 3, 3, 3, 9, 0, 10, 11, 'Perdido', 1, '2025-06-07'),
(17, 0, 0, 0, 0, 0, 0, 0, 0, '', 0, '0000-00-00');

-- --------------------------------------------------------

--
-- Estructura de tabla para la tabla `jugadores`
--

CREATE TABLE `jugadores` (
  `id_player` int(100) NOT NULL,
  `id_team` int(10) NOT NULL,
  `cedula` varchar(20) NOT NULL,
  `nombre` varchar(50) NOT NULL,
  `apellido` varchar(50) NOT NULL,
  `fecha` date DEFAULT NULL,
  `edad` int(3) DEFAULT NULL,
  `lanzador` int(1) DEFAULT NULL,
  `categoria` varchar(1) NOT NULL
) ENGINE=InnoDB DEFAULT CHARSET=utf8mb4;

--
-- Volcado de datos para la tabla `jugadores`
--

INSERT INTO `jugadores` (`id_player`, `id_team`, `cedula`, `nombre`, `apellido`, `fecha`, `edad`, `lanzador`, `categoria`) VALUES
(1, 2, '4305940', 'alexis', 'Gonzales', NULL, NULL, 0, 'B'),
(2, 2, '26369213', 'Arturo', 'Vielma', NULL, NULL, 1, 'B'),
(3, 1, '23452524', 'Jose', 'Perez', NULL, NULL, 0, 'B'),
(4, 1, '56457443', 'Pedro', 'Vargas', NULL, NULL, 1, 'B'),
(5, 5, '7258749', 'VALENTIN', 'RODRIGUEZ', '1966-02-14', NULL, 0, 'B'),
(6, 5, '11088931', 'VICTOR', 'GARCIA', '1973-12-18', NULL, 0, 'B'),
(7, 5, '9507445', 'AUDORO', 'RODRIGUEZ', '1966-07-26', NULL, 0, 'B'),
(8, 5, '13198163', 'OMAR', 'ORTEGA', '1972-04-23', NULL, 0, 'B'),
(9, 5, '11986071', 'VICTOR', 'LOPEZ', '1974-10-01', NULL, 0, 'B'),
(10, 5, '1076656510', 'JAIME', 'TORRE', '1972-06-20', NULL, 0, 'B'),
(11, 5, '12855456', 'ROLANDO', 'CASTILLO', '1975-09-07', NULL, 0, 'B'),
(12, 5, '10752631', 'VICTOR', 'ORAMAS', '1972-05-27', NULL, 0, 'B'),
(13, 5, '10457594', 'JOSE', 'GUEVARA', '1971-04-15', NULL, 1, 'B'),
(16, 5, '9693994', 'JOSE', 'MARCHAN', '1972-11-23', NULL, 1, 'B'),
(17, 5, '11357055', 'JUAN', 'MENDEZ', '1967-11-18', NULL, 0, 'B'),
(18, 5, '9643300', 'ROBERTO', 'OJEDA', '1967-07-14', NULL, 0, 'B'),
(19, 5, '10752036', 'LUIS', 'GONZALEZ', '1972-03-28', NULL, 0, 'B'),
(21, 5, '12568821', 'RENE', 'PINTO', '1977-07-17', NULL, 0, 'B'),
(22, 5, '11356851', 'DAVID', 'BERMUDEZ', '1973-05-05', NULL, 0, 'B'),
(24, 5, '12565551', 'HECTOR', 'ALVARADO', '1975-05-29', NULL, 0, 'B'),
(25, 5, '11088913', 'ISMELDO', 'DIAZ', '1973-11-23', NULL, 0, 'B'),
(26, 5, '11184288', 'ANDRY', 'MENDEZ', '1971-04-23', NULL, 1, 'B'),
(28, 5, '9680323', 'FERNANDEZ', 'RAFAEL', '1972-10-25', NULL, 0, 'B'),
(29, 6, '10759764', 'RUBEN', 'SANTAMARIA', '1972-07-03', NULL, 0, 'B'),
(30, 6, '7221942', 'VICTOR', 'RAMIREZ', '1963-07-26', NULL, 0, 'B'),
(31, 6, '9675541', 'ROBERTO', 'LATULF', '1972-09-05', NULL, 0, 'B'),
(32, 6, '14492217', 'RAFAEL', 'BORGUES', '1971-10-31', NULL, 0, 'B'),
(33, 6, '14741990', 'JOGUYS', 'NAVARRO', '1978-09-05', NULL, 0, 'B'),
(34, 6, '9673758', 'DANNY', 'CARVETTI', '1968-10-28', NULL, 1, 'B'),
(35, 6, '13201885', 'ALIRIO', 'NUÑEZ', '1978-04-13', NULL, 0, 'B'),
(36, 6, '7265878', 'JHONNY', 'BLANCO', '1967-11-03', NULL, 1, 'B'),
(37, 6, '14430679', 'ROGER', 'RODRIGUEZ', '1979-07-25', NULL, 0, 'B'),
(38, 6, '12609540', 'WILLIANS', 'SOJO', '1976-04-04', NULL, 0, 'B'),
(39, 6, '13199373', 'HERMES', 'FLORES', '1978-05-15', NULL, 0, 'B'),
(40, 6, '14491156', 'IRWIN', 'CENTENO', '1979-06-01', NULL, 0, 'B'),
(41, 6, '7248792', 'TRINO', 'GUERRA', '1967-08-24', NULL, 1, 'B'),
(42, 6, '10157676', 'MARTIN', 'MENDOZA', '1970-04-09', NULL, 1, 'B'),
(43, 6, '7274224', 'JORGE', 'LOPEZ', '1967-03-12', NULL, 0, 'B'),
(44, 6, '15532939', 'ADRIAN', 'FIGUEREDO', '1982-05-08', NULL, 0, 'B'),
(45, 6, '9668617', 'GREGORIO', 'LOPEZ', '1970-03-12', NULL, 1, 'B'),
(46, 6, '12167241', 'WOLFRANDO', 'TORRES', '1974-05-28', NULL, 0, 'B'),
(47, 6, '9680323', 'RAFAEL', 'FERNANDEZ', '1972-10-25', NULL, 0, 'B'),
(48, 6, '9644489', 'JANICCIO', 'MORONTA', '1968-08-26', NULL, 0, 'B'),
(49, 6, '11115644', 'DAVID', 'CONTRERAS', '1975-01-08', NULL, 1, 'B'),
(50, 6, '9693651', 'RICHARD', 'ROJAS', '1973-07-03', NULL, 0, 'B'),
(51, 5, '12341037', 'DOMINGO', 'TORRES', '1974-10-09', NULL, 0, 'B'),
(52, 5, '11085979', 'JUAN ', 'PEREZ', '1973-07-31', NULL, 0, 'B'),
(53, 5, '10750199', 'VICTOR', 'HERNANDEZ', '1970-11-24', NULL, 1, 'B'),
(54, 5, '13907488', 'LANNY', 'HERNANDEZ', '1979-03-23', NULL, 0, 'B'),
(55, 5, '12452451', 'ENDER', 'ANTUNEZ', '1970-09-15', NULL, 0, 'B'),
(56, 5, '14319145', 'GABRIEL', 'LIRA', '1976-11-22', NULL, 1, 'B'),
(58, 8, '8737890', 'WLADIMIR', 'CHALO', '1966-07-27', NULL, 0, 'B'),
(59, 8, '8744116', 'CARLOS', 'HERNANDEZ', '1967-01-20', NULL, 0, 'B'),
(60, 8, '7254284', 'JOEL', 'BRITO', '1967-04-04', NULL, 0, 'B'),
(61, 8, '8677611', 'HECTOR', 'PEREZ', '1967-05-24', NULL, 1, 'B'),
(62, 8, '72545586', 'EFREN', 'RODRIGUEZ', '1966-08-14', NULL, 1, 'B'),
(63, 8, '6303697', 'JOSE', 'ROJAS', '1969-04-09', NULL, 1, 'B'),
(64, 8, '7269486', 'RUBEN', 'ROJAS', '1969-04-06', NULL, 0, 'B'),
(65, 8, '11952966', 'LEONARDO', 'ESCALONA', '1971-05-28', NULL, 0, 'B'),
(66, 8, '11055132', 'EDSON', 'ROJAS', '1971-12-13', NULL, 0, 'B'),
(67, 8, '12728503', 'LENIN', 'FERNANDEZ', '1975-03-05', NULL, 0, 'B'),
(68, 8, '12643909', 'ELIEZER', 'TORRES', '1975-04-17', NULL, 0, 'B'),
(69, 8, '12573796', 'VICTOR', 'ACACIO', '1975-07-29', NULL, 0, 'B'),
(70, 8, '13699347', 'ELVIS', 'HERNANDEZ', '1978-02-01', NULL, 0, 'B'),
(71, 8, '13571900', 'GLEN', 'RODRIGUEZ', '1979-03-29', NULL, 0, 'B'),
(72, 8, '13518163', 'LEONARDO', 'MATINEZ', '1979-09-17', NULL, 0, 'B'),
(73, 8, '15818218', 'LUIS', 'AULAR', '1981-03-23', NULL, 0, 'B'),
(74, 8, '14958431', 'ALEXANDER', 'GALLARDO', '1981-05-08', NULL, 0, 'B'),
(75, 8, '15473439', 'ALVARO', 'FARFAN', '1981-05-22', NULL, 0, 'B'),
(76, 8, '15364253', 'LUIS', 'LOPEZ', '1980-08-28', NULL, 0, 'B'),
(77, 8, '15077079', 'BRIGMEL', 'LABRADOR', '1981-08-09', NULL, 0, 'B'),
(78, 8, '15123236', 'AL', 'GARCIA', '1982-04-12', NULL, 0, 'B'),
(79, 8, '15486208', 'NERIO', 'RIVERO', '1982-08-26', NULL, 1, 'B'),
(81, 8, '16113286', 'SOCRATES', 'PONCE', '1983-05-23', NULL, 0, 'B'),
(82, 8, '16131931', 'OMAR', 'PEREZ', '1984-03-14', NULL, 0, 'B'),
(83, 8, '16764376', 'JOSE', 'ZAMBRANO', '1985-05-06', NULL, 0, 'B'),
(84, 8, '17366113', 'DIEGO', 'CARDENAS', '1986-01-08', NULL, 0, 'B'),
(85, 10, '14664354', 'ARTURO', 'ACACIO', '1981-03-26', NULL, 0, 'B'),
(86, 10, '9697772', 'NERIO', 'APARICIO', '1971-07-19', NULL, 1, 'B'),
(87, 10, '11060497', 'LEWYS', 'BLANCO', '1972-11-02', NULL, 0, 'B'),
(88, 10, '13769605', 'DANNY', 'CISNERO', '1978-09-29', NULL, 0, 'B'),
(89, 10, '9694675', 'LEONARDO', 'CORREIA', '1974-03-06', NULL, 0, 'B'),
(90, 10, '11496464', 'MIGUEL', 'GUERRERO', '1973-03-30', NULL, 1, 'B'),
(91, 10, '9653000', 'JOHN', 'JIMENEZ', '1969-11-21', NULL, 0, 'B'),
(92, 10, '11088864', 'SAUL', 'LOYO', '1973-06-17', NULL, 0, 'B'),
(93, 10, '10458740', 'CRISPIN', 'MACHADO', '1970-08-10', NULL, 0, 'B'),
(94, 10, '13133463', 'HERNAN', 'MATINEZ', '1975-10-14', NULL, 1, 'B'),
(95, 10, '12927967', 'DUILIO', 'NAVAS', '1973-12-25', NULL, 0, 'B'),
(96, 10, '11091148', 'EMERSON', 'NIEVES', '1974-02-23', NULL, 0, 'B'),
(97, 10, '11591554', 'JUAN', 'NIEVES', '1974-10-05', NULL, 0, 'B'),
(98, 10, '10755819', 'EVERTE', 'NOGUERA', '1972-02-06', NULL, 1, 'B'),
(99, 10, '12146329', 'JACKSON', 'ORTEGA', '1974-09-18', NULL, 0, 'B'),
(100, 10, '9654405', 'JAIRO', 'PINILLA', '1967-06-19', NULL, 0, 'B'),
(101, 10, '7255478', 'ARCADIO', 'RATTIA', '1966-04-11', NULL, 1, 'B'),
(102, 10, '9439945', 'JOSE', 'RIOS', '1969-04-15', NULL, 0, 'B'),
(103, 10, '9439595', 'CESAR', 'ROMERO', '1970-08-22', NULL, 0, 'B'),
(104, 10, '12335469', 'DOUGLAS', 'SANCHEZ', '1975-07-09', NULL, 0, 'B'),
(105, 10, '11091326', 'CARLOS', 'SILVA', '1972-03-14', NULL, 0, 'B'),
(106, 10, '11085830', 'ANGEL', 'SOLER', '1972-01-29', NULL, 0, 'B'),
(108, 10, '9680367', 'MIKE', 'TORRES', '1972-10-09', NULL, 0, 'B'),
(109, 10, '13426860', 'JESUS', 'TOVAR', '1978-08-14', NULL, 0, 'B'),
(110, 10, '11088866', 'NELSON', 'TOVAR', '1974-01-21', NULL, 0, 'B'),
(111, 10, '9439613', 'OSWALDO', 'VERENZUELA', '1969-12-05', NULL, 0, 'B'),
(112, 4, '9439237', 'JOSE', 'ROJAS', '1968-03-17', NULL, 1, 'B'),
(113, 4, '9679218', 'FRANKLIN', 'APARICIO', '1969-11-17', NULL, 0, 'B'),
(114, 4, '10753762', 'GILBERTO', 'LUNA', '1970-02-22', NULL, 1, 'B'),
(115, 4, '11093649', 'HERNAN', 'TORREALBA', '1972-12-01', NULL, 0, 'B'),
(116, 4, '13625600', 'DENIS', 'SOLIS', '1975-10-03', NULL, 1, 'B'),
(117, 4, '12568316', 'LUIS', 'CASTELLANO', '1976-11-10', NULL, 1, 'B'),
(118, 4, '13780614', 'FREDERIN', 'GUEVARA', '1977-04-01', NULL, 0, 'B'),
(119, 4, '12855103', 'EFRAIN', 'QUINTERO', '1977-04-04', NULL, 0, 'B'),
(120, 4, '14038428', 'JHONAL', 'HERRERA', '1979-07-25', NULL, 0, 'B'),
(121, 4, '13728092', 'VICTOR', 'RONDON', '1979-11-30', NULL, 0, 'B'),
(122, 4, '15129468', 'LUIS', 'RODRIGUEZ', '1980-04-04', NULL, 0, 'B'),
(123, 4, '14854652', 'CARLOS', 'GOMEZ', '1980-04-14', NULL, 0, 'B'),
(124, 4, '15453247', 'YAFAR', 'MONROY', '1980-08-07', NULL, 0, 'B'),
(125, 4, '15601046', 'GEORGE', 'SOTO', '1980-09-25', NULL, 0, 'B'),
(126, 4, '15301030', 'LUIS', 'ZERPA', '1980-11-01', NULL, 0, 'B'),
(127, 4, '14297327', 'JOEL', 'URBINA', '0084-09-17', 1940, 0, 'B'),
(128, 4, '15610809', 'DANIEL', 'ESCALONA', '1981-09-11', NULL, 0, 'B'),
(129, 4, '25538662', 'CARLOS', 'CEBALLOS', '1982-03-03', NULL, 0, 'B'),
(130, 4, '15533806', 'ULISES', 'FILIPONE', '1982-07-12', NULL, 0, 'B'),
(131, 4, '18851197', 'MARCOS', 'CASTELLANO', '1983-05-10', NULL, 0, 'B'),
(132, 4, '16.691.524', 'DAVID', 'GONZALEZ', '1981-12-30', NULL, 0, 'B'),
(133, 7, '16851920', 'FRANKLIN', 'RODRIGUEZ', '1985-12-24', NULL, 0, 'B'),
(134, 7, '16436410', 'RAUL', 'GOMEZ', '1984-01-15', NULL, 0, 'B'),
(135, 7, '9809134', 'ALEXANDER', 'GARCIA', '1970-10-18', NULL, 0, 'B'),
(136, 7, '12118541', 'JOSE', 'AREVALO', '1975-04-19', NULL, 0, 'B'),
(137, 7, '11087851', 'WILSON', 'GRAFF', '1972-01-10', NULL, 1, 'B'),
(138, 7, '8728615', 'VICENTE', 'COLMENARES', '1964-08-23', NULL, 1, 'B'),
(139, 7, '16765346', 'PEDRO', 'SOLORZANO', '1987-05-25', NULL, 0, 'B'),
(140, 7, '14970916', 'OVIOMAR', 'VARGAS', '1978-11-24', NULL, 0, 'B'),
(141, 7, '10757776', 'DANIEL', 'VIVAS', '1972-07-19', NULL, 0, 'B'),
(142, 7, '14109916', 'ELBER', 'NARANJO', '1971-05-15', NULL, 1, 'B'),
(143, 7, '11844865', 'JULIO', 'SANCHEZ', NULL, NULL, 0, 'B'),
(144, 7, '10755466', 'GIOVANI', 'MENDEZ', '1970-07-05', NULL, 0, 'B'),
(145, 7, '12000947', 'FRANCISCO', 'TOVAR', '1975-01-31', NULL, 0, 'B'),
(146, 7, '11976033', 'JUAN', 'MIJARES', '1975-05-14', NULL, 0, 'B'),
(147, 7, '12117542', 'BERRO', 'SILVA', '1975-04-10', NULL, 0, 'B'),
(148, 7, '12145449', 'BENARDO', 'TOVAR', '1973-02-28', NULL, 1, 'B'),
(149, 7, '9677740', 'WILMER', 'CABRERA', '1972-11-10', NULL, 0, 'B'),
(150, 7, '11091394', 'ELVIS', 'BORROS', '1970-11-30', NULL, 0, 'B'),
(151, 7, '144786360', 'JESUS', 'COLINA', '1979-04-21', NULL, 0, 'B'),
(152, 7, '12610857', 'GERMAN', 'CAMACHO', '1975-05-28', NULL, 1, 'B'),
(153, 7, '11093511', 'JULIO', 'VILLAMIZAR', '1974-09-14', NULL, 0, 'B'),
(154, 7, '14943322', 'DUGLAS', 'CASTILLO', '1972-11-16', NULL, 0, 'B'),
(155, 7, '16236521', 'FELIX', 'HERRERA', '1982-02-21', NULL, 0, 'B'),
(156, 7, '12640549', 'JUAN', 'GUILLEN', '1973-07-06', NULL, 0, 'B'),
(157, 7, '15302214', 'SILFREDO', 'GOMEZ', '1982-07-14', NULL, 0, 'B'),
(158, 7, '15302214', 'CARLOS', 'REQUENA', '1975-05-20', NULL, 0, 'B'),
(159, 9, '6175223', 'JOSE', 'VELIZ', '1964-08-15', NULL, 0, 'B'),
(160, 9, '14478636', 'DARIO', 'COLINA', '1978-04-21', NULL, 0, 'B'),
(161, 9, '9654897', 'EUGENIO', 'CHIPRE', '1968-11-26', NULL, 1, 'B'),
(162, 9, '12103155', 'ASDRUBAL', 'BRAVO', '1971-12-30', NULL, 1, 'B'),
(163, 9, '7190189', 'CARLOS', 'ESPINOZA', '1960-08-19', NULL, 1, 'B'),
(164, 9, '15532706', 'JOSE', 'LOPEZ', '1982-09-17', NULL, 0, 'B'),
(165, 9, '15865709', 'GUSTAVO', 'ROSAS', '1962-12-16', NULL, 0, 'B'),
(166, 9, '7236986', 'REINEIRO', 'LATUFF', '1963-08-17', NULL, 0, 'B'),
(167, 9, '9697959', 'JOSE', 'GALLARDO', '1972-12-11', NULL, 0, 'B'),
(168, 9, '15610682', 'EDWIN', 'GUZMAN', '1981-02-28', NULL, 0, 'B'),
(169, 9, '15077011', 'DANIEL', 'RODRIGUEZ', '1979-09-04', NULL, 0, 'B'),
(170, 9, '14230426', 'JOHAN', 'SUAREZ', '1979-10-02', NULL, 0, 'B'),
(171, 9, '14355887', 'MARIO', 'SUMOZA', '1980-05-13', NULL, 0, 'B'),
(172, 9, '16291878', 'ARMANDO', 'ROMERO', '1982-02-06', NULL, 0, 'B'),
(173, 9, '14872733', 'RAFAEL', 'BASTOS', '1981-09-12', NULL, 0, 'B'),
(174, 9, '2903498', 'FREDDY', 'JURADO', '1948-12-20', NULL, 1, 'B'),
(175, 9, '7250733', 'JOSE', 'ORTEGA', '1966-05-19', NULL, 0, 'B'),
(176, 9, '7274297', 'FRANCHE', 'COPPOLA', '1967-03-08', NULL, 0, 'B'),
(177, 9, '9523666', 'JOGLYS', 'RODRIGUEZ', '1967-07-10', NULL, 0, 'B'),
(178, 9, '12877243', 'FRANK', 'GONZALEZ', '1974-12-11', NULL, 0, 'B'),
(179, 9, '6827019', 'JOSE', 'GUERRA', '1961-05-27', NULL, 0, 'B'),
(180, 9, '12565067', 'ANTONIO', 'ROSAS', '1976-11-18', NULL, 0, 'B'),
(181, 9, '12137862', 'JOSE', 'OSORIO', '1973-10-05', NULL, 0, 'B'),
(183, 9, '9697407', 'ARNALDO', 'MANRIQUE', '1973-02-12', NULL, 0, 'B'),
(184, 9, '7245014', 'BAUDILIO', 'SILVA', NULL, NULL, 1, 'B'),
(185, 9, '11093831', 'FRANCISCO', 'FIGUERA', '1975-05-08', NULL, 0, 'B'),
(186, 12, '4305940', 'ALEXIS', 'GONZALEZ', '1957-11-22', NULL, 0, 'C'),
(187, 12, '9645519', 'EMILIO', 'CONDE', '1970-05-20', NULL, 0, 'C'),
(188, 12, '6315372', 'RUSMEL', 'CAMARIPANO', '1969-03-02', NULL, 0, 'C'),
(189, 12, '7181992', 'ISRAEL', 'MENDEZ', '1962-12-08', NULL, 0, 'C'),
(190, 12, '3291020', 'PEDRO', 'ECHENIQUE', '1948-03-16', NULL, 1, 'C'),
(191, 12, '10616621', 'JOEL', 'GARCIA', '1969-11-12', NULL, 0, 'C'),
(192, 12, '9994397', 'GIOVANI', 'MENDEZ', '1969-10-03', NULL, 0, 'C'),
(193, 12, '8728615', 'VICENTE', 'COLMENARES', '1961-08-23', NULL, 1, 'C'),
(194, 12, '9666483', 'JOSE', 'CABEZAS', '1970-10-23', NULL, 0, 'C'),
(195, 12, '10268601', 'HENRY', 'CASTRO', '1972-03-29', NULL, 0, 'C'),
(196, 12, '9435688', 'FRANKLIN', 'RODRIGUEZ', '1969-04-30', NULL, 0, 'C'),
(197, 12, '4399505', 'GENARO', 'RIOS', '1952-09-19', NULL, 1, 'C'),
(198, 12, '7249586', 'NESTOR', 'SILVA', '1963-11-13', NULL, 0, 'C'),
(199, 12, '9439870', 'JOSE', 'G PEREZ', '1971-01-02', NULL, 0, 'C'),
(200, 12, '9431695', 'FAUSTINO', 'AMADOR', '1964-02-15', NULL, 0, 'C'),
(201, 12, '9671575', 'JOSE', 'MORALES', '1965-02-23', NULL, 0, 'C'),
(202, 12, '9659955', 'JUAN', 'MIJARES', '1966-01-18', NULL, 0, 'C'),
(203, 12, '8852436', 'DIOGENES', 'RODRIGUEZ', '1961-11-17', NULL, 0, 'C'),
(204, 12, '9435476', 'YORMAN', 'CARMONA', '1965-10-05', NULL, 0, 'C'),
(205, 12, '8146462', 'JESUS', 'GUTIERREZ', '1962-10-27', NULL, 0, 'C'),
(206, 12, '4567942', 'NELSON', 'ROMERO', '1952-11-22', NULL, 0, 'C'),
(207, 12, '7227962', 'CARLOS', 'MENDOZA', '1960-02-09', NULL, 1, 'C'),
(208, 12, '8738099', 'JOSE', 'PEREZ', '1966-09-19', NULL, 0, 'C'),
(209, 12, '8152329', 'ORLANDO', 'TOVAR', '1961-04-12', NULL, 1, 'C'),
(210, 13, '11085088', 'ROBERT', 'LUGO', '1969-06-11', NULL, 0, 'C'),
(211, 13, '9680298', 'RAUL', 'HERNANDEZ', '1972-11-02', NULL, 0, 'C'),
(212, 13, '8743519', 'FRANKLIN', 'CAMACHO', '1966-10-06', NULL, 0, 'C'),
(213, 13, '8816381', 'LUIS', 'ORTEGA', '1966-06-12', NULL, 0, 'C'),
(214, 13, '11055132', 'EDSON', 'ROJAS', '1971-12-13', NULL, 0, 'C'),
(215, 13, '8744444', 'EVELIO', 'HERNANDEZ', '1968-04-09', NULL, 1, 'C'),
(216, 13, '7251331', 'WILLIANS', 'PINTO', '1965-03-31', NULL, 0, 'C'),
(217, 13, '7267822', 'ALI', 'LOPEZ', '1967-02-25', NULL, 0, 'C'),
(218, 13, '9652000', 'PEDRO', 'GARCIA', '1966-03-06', NULL, 1, 'C'),
(219, 13, '7273853', 'REINALDO', 'DELPINO', '1967-12-29', NULL, 0, 'C'),
(220, 13, '7248723', 'UBALDO', 'DELPINO', '1965-05-16', NULL, 0, 'C'),
(221, 13, '8744496', 'MARTIN', 'GRATEROL', '1964-08-02', NULL, 0, 'C'),
(222, 13, '9647436', 'JOSE', 'NORIEGA', '1968-12-11', NULL, 1, 'C'),
(223, 13, '6863687', 'GERARDO', 'MORENO', '0000-00-00', NULL, 0, 'C'),
(224, 13, '10459052', 'IGOR', 'PACHECO', '1969-04-18', NULL, 0, 'C'),
(225, 13, '4344992', 'FREDDY', 'FRANCO', '1956-06-11', NULL, 1, 'C'),
(226, 13, '8736593', 'CARLOS', 'VILLEGAS', '1964-05-09', NULL, 0, 'C'),
(227, 13, '7238720', 'ERASMO', 'PAEZ', '1962-11-25', NULL, 0, 'C'),
(228, 13, '7214079', 'PASTOR', 'GOYO', '1963-03-30', NULL, 1, 'C'),
(229, 13, '8794403', 'RICARDO', 'RAMIREZ', '1967-02-19', NULL, 0, 'C'),
(230, 13, '9826248', 'JOSE', 'PEREZ', '1967-03-25', NULL, 0, 'C'),
(231, 13, '6068831', 'ROMULO', 'RUIZ', '1958-09-05', NULL, 0, 'C'),
(232, 13, '9651236', 'LUIS', 'CARRILLO', '1968-07-16', NULL, 0, 'C'),
(233, 14, '9434343', 'FERNANDO', 'RODRIGUEZ', '1966-04-04', NULL, 0, 'C'),
(234, 14, '8727505', 'JOSE', 'QUERALES', '1962-11-19', NULL, 1, 'C'),
(235, 14, '5310323', 'DAVID', 'BONALDE', '1959-03-04', NULL, 0, 'C'),
(236, 14, '6920919', 'PEDRO', 'RAMOS', '1962-07-28', NULL, 0, 'C'),
(237, 14, '7214023', 'JOSE', 'FRANCO', '1964-09-30', NULL, 0, 'C'),
(238, 14, '11050087', 'GIOVANNY', 'VARGAS', '1971-04-07', NULL, 0, 'C'),
(239, 14, '6392387', 'FREDDY', 'GONZALEZ', '1961-07-20', NULL, 1, 'C'),
(240, 14, '6131581', 'JORGE', 'INFANTE', '1960-11-03', NULL, 0, 'C'),
(241, 14, '8570629', 'PABLO', 'INFANTE', '1963-06-12', NULL, 0, 'C'),
(242, 14, '5278302', 'ANGEL', 'QUINTERO', '0008-12-13', NULL, 1, 'C'),
(243, 14, '9416279', 'CASTOR', 'MORA', '1970-01-13', NULL, 0, 'C'),
(244, 14, '9648551', 'YLDELGAR', 'RODRIGUEZ', '1968-06-09', NULL, 0, 'C'),
(245, 14, '8735553', 'NELSON', 'CONTRERAS', '1963-02-04', NULL, 1, 'C'),
(246, 14, '9679119', 'IVAN', 'ZAPATA', '1970-11-15', NULL, 0, 'C'),
(247, 14, '7248792', 'TRINO', 'GUERRA', '1967-08-24', NULL, 0, 'C'),
(248, 14, '11689808', 'WILMER', 'SILVA', '1971-12-09', NULL, 0, 'C'),
(249, 14, '6652018', 'AURELIO', 'ZORRILLA', '1966-11-12', NULL, 0, 'C'),
(250, 14, '10236090', 'DEGNIS', 'CHOURIO', '1970-05-02', NULL, 0, 'C'),
(251, 14, '7075317', 'ENDER', 'GOLIAT', '1962-08-26', NULL, 0, 'C'),
(252, 14, '7204439', 'OSWALDO', 'SANCHEZ', '1961-01-17', NULL, 0, 'C'),
(253, 14, '9657589', 'MIGUEL', 'CHAVEZ', '1969-02-16', NULL, 1, 'C'),
(254, 15, '7264553', 'ORLANDO', 'RODRIGUEZ', '1967-10-14', NULL, 0, 'C'),
(255, 15, '9594803', 'WILLIANS', 'CRUZ', '1965-12-17', NULL, 1, 'C'),
(256, 15, '7265233', 'WILFREDO', 'SOSA', '1965-07-28', NULL, 0, 'C'),
(257, 15, '9455202', 'RUBEN', 'GOMEZ', '1967-02-13', NULL, 0, 'C'),
(258, 15, '12142459', 'JHON', 'GOMEZ', '1973-12-18', NULL, 0, 'C'),
(259, 15, '7274652', 'HENRY', 'HERNANDEZ', '1965-06-30', NULL, 0, 'C'),
(260, 15, '7232787', 'ALIRIO', 'MOREAN', '1962-08-05', NULL, 0, 'C'),
(261, 15, '9692544', 'WILMER', 'LOPEZ', '1973-06-13', NULL, 0, 'C'),
(262, 15, '10529696', 'JOSE', 'PINEDO', '1971-03-24', NULL, 0, 'C'),
(263, 15, '9656542', 'JULIO', 'PAEZ', '1966-09-13', NULL, 1, 'C'),
(264, 15, '3745559', 'JOSE', 'ARAUJO', '1948-04-28', NULL, 1, 'C'),
(265, 15, '8988499', 'LIVIO', 'VOLCANES', '1967-08-24', NULL, 0, 'C'),
(266, 15, '9643757', 'VICTOR', 'VALDERRAMA', '1966-07-28', NULL, 0, 'C'),
(267, 15, '7190882', 'FROILAN', 'REYES', '1957-10-10', NULL, 0, 'C'),
(268, 15, '7257990', 'JOSE', 'BALDERRAMA', '1964-03-27', NULL, 1, 'C'),
(269, 15, '7190882', 'RAFAEL', 'GRATEROL', '1957-05-15', NULL, 0, 'C'),
(270, 15, '7219061', 'CARLOS', 'BARBOZA', '1972-01-31', NULL, 0, 'C'),
(271, 15, '10805530', 'LUIS', 'LOPEZ', '1972-02-28', NULL, 0, 'C'),
(272, 15, '9670882', 'ADRIAN', 'MONSALVE', '1970-08-18', NULL, 0, 'C'),
(273, 15, '6650803', 'EDGAR', 'GELVIS', '1964-09-19', NULL, 0, 'C'),
(274, 15, '7237193', 'JESUS', 'V', '0000-00-00', NULL, 0, 'C'),
(275, 15, '7237193', 'JESUS', 'VOLCAN', '1963-12-28', NULL, 1, 'C'),
(276, 15, '7235078', 'JOSE', 'CASTILLO', '1966-08-02', NULL, 0, 'C'),
(277, 15, '6887966', 'FELIX', 'SISO', '1965-12-22', NULL, 0, 'C'),
(278, 16, '5277430', 'EDUARDO', 'PERDOMO', '1958-11-13', NULL, 1, 'C'),
(279, 16, '8788252', 'MIGUEL', 'NARANJO', '1962-09-03', NULL, 1, 'C'),
(280, 16, '8687290', 'HENDER', 'FERNANDEZ', '1962-11-26', NULL, 1, 'C'),
(281, 16, '7684415', 'CARLOS', 'LARA', '1963-04-28', NULL, 0, 'C'),
(282, 16, '7235602', 'ANIBAL', 'TORO', '1963-01-07', NULL, 0, 'C'),
(283, 16, '8331228', 'JOSE', 'MELEAN', '1966-01-05', NULL, 1, 'C'),
(284, 16, '10182390', 'PEDRO', 'ALVAREZ', '1957-10-02', NULL, 0, 'C'),
(285, 16, '7273339', 'HERMES', 'ROCHE', '1967-05-09', NULL, 0, 'C'),
(286, 16, '7251949', 'MANUEL', 'BANDREZ', '1967-06-30', NULL, 0, 'C'),
(287, 16, '6328798', 'FREDDY', 'GUERRERO', '1969-05-24', NULL, 0, 'C'),
(288, 16, '9672115', 'PEDRO', 'QUIROGA', '1969-10-02', NULL, 0, 'C'),
(289, 16, '8263787', 'ALEXIS', 'CAMPERO', '1969-12-14', NULL, 0, 'C'),
(290, 16, '10379037', 'FRANCISCO', 'GUTIERREZ', '1970-02-09', NULL, 0, 'C'),
(291, 16, '9664547', 'OSCAR', 'ALVAREZ', '1971-06-02', NULL, 0, 'C'),
(292, 16, '11043270', 'OSCAR', 'CARVALHEIRA', '1971-02-21', NULL, 0, 'C'),
(293, 16, '9680821', 'JUAN', 'PACHECO', '1971-08-03', NULL, 0, 'C'),
(294, 16, '10687531', 'JOSE', 'GUILLEN', '1972-04-23', NULL, 0, 'C'),
(295, 16, '11761472', 'JOSE', 'PEREZ', '1972-03-26', NULL, 1, 'C'),
(296, 16, '9679841', 'ROBERTO', 'PIUNNO', '1972-04-17', NULL, 0, 'C'),
(297, 16, '12333784', 'EFRAIN', 'GALENO', '1974-12-07', NULL, 0, 'C'),
(298, 16, '9670644', 'alguien', 'mas', '1971-02-22', 54, 0, 'C'),
(299, 17, '9653748', 'RAFAEL', 'LUNA', '1970-09-11', NULL, 1, 'C'),
(300, 17, '9645224', 'ANTONIO', 'ZERPA', '1969-02-28', NULL, 0, 'C'),
(301, 17, '4553224', 'JOSE', 'CERVEN', '1957-12-13', NULL, 0, 'C'),
(302, 17, '7273739', 'FREDDY', 'CHAVEZ', '1965-07-21', NULL, 0, 'C'),
(303, 17, '7212704', 'SALOMON', 'SUAREZ', '1961-06-01', NULL, 1, 'C'),
(304, 17, '9685846', 'JESUS', 'CROQUER', '1969-12-26', NULL, 0, 'C'),
(305, 17, '9433982', 'CESAR', 'RINCONES', '1970-01-01', NULL, 1, 'C'),
(306, 17, '8588485', 'FRANKLIN', 'GONZALEZ', '1965-02-14', NULL, 0, 'C'),
(307, 17, '12616042', 'JUAN', 'BLANCO', '1969-04-15', NULL, 0, 'C'),
(308, 17, '10707867', 'JAIME', 'OLIVETT', '1969-12-22', NULL, 0, 'C'),
(309, 17, '9679359', 'JORGE', 'FIGUEROA', '1970-06-06', NULL, 0, 'C'),
(310, 17, '9689030', 'JOSE', 'DELGADO', '1969-06-25', NULL, 0, 'C'),
(311, 17, '5267010', 'MAXIMO', 'RENGEL', '1956-12-16', NULL, 0, 'C'),
(312, 17, '9648642', 'FRANKLIN', 'LARA', '1969-04-18', NULL, 0, 'C'),
(313, 17, '10753966', 'FELIX', 'RODRIGUEZ', '1967-05-15', NULL, 0, 'C'),
(314, 17, '10575784', 'ULISES', 'RODRIGUEZ', '1970-09-25', NULL, 0, 'C'),
(315, 17, '10757776', 'DANIEL', 'VIVAS', '1972-07-10', NULL, 0, 'C'),
(316, 17, '9669463', 'CARLOS', 'BERASTEGUI', '1970-08-22', NULL, 0, 'C'),
(317, 17, '10803045', 'CARLOS', 'DIAZ', '1971-12-27', NULL, 1, 'C'),
(318, 17, '4401200', 'PEDRO', 'VEGAS', '1958-07-03', NULL, 1, 'C'),
(319, 18, '8828162', 'JAIME', 'CORREA', '1968-12-12', NULL, 1, 'C'),
(320, 18, '9434626', 'RAFAEL', 'TORRES', '1969-06-05', NULL, 1, 'C'),
(321, 18, '13357341', 'FRANCISCO', 'CAPOTE', '1974-04-22', NULL, 0, 'C'),
(322, 18, '9692410', 'ALI', 'BLANCO', '1968-04-22', NULL, 0, 'C'),
(323, 18, '11984755', 'PEDRO', 'RIOS', '1974-11-05', NULL, 0, 'C'),
(324, 18, '7032752', 'NASSRRY', 'RANGEL', '1961-01-28', NULL, 0, 'C'),
(325, 18, '9697487', 'HENRY', 'PIÑERO', '1970-12-11', NULL, 0, 'C'),
(326, 18, '11203600', 'JOEL', 'BRITO', '1969-12-30', NULL, 0, 'C'),
(327, 18, '9646818', 'LEONARDO', 'VARGAS', '1968-09-28', NULL, 0, 'C'),
(328, 18, '9657717', 'FRANDI', 'FLORES', '1971-01-15', NULL, 0, 'C'),
(329, 18, '9646299', 'CARLOS', 'LIENDO', '1968-08-06', NULL, 0, 'C'),
(330, 18, '8685774', 'MIGUEL', 'MELLADO', '1966-09-29', NULL, 0, 'C'),
(331, 18, '7210220', 'NABIL', 'MAKSAB', '1961-07-11', NULL, 0, 'C'),
(332, 18, '8192210', 'LUIS', 'LEON', '1958-12-08', NULL, 0, 'C'),
(333, 18, '9669543', 'RICARDO', 'RODRIGUEZ', '1970-06-20', NULL, 0, 'C'),
(334, 18, '10756511', 'LUIS', 'REBOLLEDO', '1972-01-11', NULL, 0, 'C'),
(335, 18, '13134105', 'GUSTAVO', 'TORRES', '1976-06-19', NULL, 0, 'C'),
(336, 18, '9998329', 'JORGE', 'FRANCO', '1968-03-10', NULL, 1, 'C'),
(337, 18, '13907868', 'WILLIANS', 'PACHECO', '1970-10-12', NULL, 1, 'C'),
(338, 19, '9659955', 'JUAN', 'MIJARES', '1966-01-10', NULL, 0, 'D'),
(339, 19, '6392387', 'FREDDY', 'GONZALEZ', '1961-07-20', NULL, 1, 'D'),
(340, 19, '5265950', 'JORGE', 'OJEDA', '1957-09-29', NULL, 0, 'D'),
(341, 19, '5278302', 'ANGEL', 'QUINTERO', '1958-12-13', NULL, 1, 'D'),
(342, 19, '5613598', 'TOMAS', 'BRICEÑO', '1959-07-30', NULL, 0, 'D'),
(343, 19, '7223301', 'DANIEL', 'RODRIGUEZ', '1964-08-14', NULL, 0, 'D'),
(344, 19, '6131581', 'JORGE', 'INFANTE', '1960-11-03', NULL, 0, 'D'),
(345, 19, '7201580', 'ELVIS', 'CHAVEZ', '1960-05-16', NULL, 0, 'D'),
(346, 19, '5859580', 'JOSE', 'CARABALLO', '1960-03-20', NULL, 0, 'D'),
(347, 19, '8480982', 'FREDDY', 'LEZAMA', '1964-09-17', NULL, 0, 'D'),
(348, 19, '8369661', 'RONNY', 'RODRIGUEZ', '1962-12-01', NULL, 0, 'D'),
(349, 19, '8727505', 'JOSE', 'QUERALES', '1963-11-19', NULL, 1, 'D'),
(350, 19, '5310323', 'DAVID', 'BONALDE', '1959-03-04', NULL, 0, 'D'),
(351, 19, '6871907', 'JOSE', 'HERNANDEZ', '1964-03-18', NULL, 0, 'D'),
(352, 19, '6920919', 'PEDRO', 'RAMOS', '1962-07-20', NULL, 0, 'D'),
(353, 19, '7231982', 'WILFREDO', 'GARCIA', '1964-03-14', NULL, 0, 'D'),
(354, 19, '8728473', 'ENRIQUE', 'OVALLES', '1963-04-15', NULL, 0, 'D'),
(355, 19, '8146462', 'JESUS', 'GUTIERREZ', '1962-10-27', NULL, 1, 'D'),
(356, 19, '6487497', 'ALEXIS', 'SOLORZANO', '1965-10-02', NULL, 0, 'D'),
(357, 19, '5279607', 'SERGIO', 'OCHOA', '1957-03-22', NULL, 0, 'D'),
(358, 19, '7270961', 'GUSTAVO', 'GONZALEZ', '1960-12-06', NULL, 1, 'D'),
(359, 20, '4305940', 'ALEXIS', 'GONZALEZ', '1957-11-22', NULL, 0, 'D'),
(360, 20, '8588485', 'FRANKLIN', 'GONZALEZ', '1956-12-12', NULL, 0, 'D'),
(361, 20, '4553224', 'JOSE', 'CERVEN', '1957-12-13', NULL, 0, 'D'),
(362, 20, '5267010', 'MAXIMO', 'RANGEL', '1956-12-16', NULL, 0, 'D'),
(363, 20, '7684916', 'CARLOS', 'LARA', '1963-04-28', NULL, 0, 'D'),
(364, 20, '8224420', 'JOIVER', 'OLIVO', '1965-02-14', NULL, 0, 'D'),
(365, 20, '7227340', 'JOSE', 'PAREJO', '1964-09-17', NULL, 0, 'D'),
(366, 20, '4399505', 'GENARO', 'RIOS', '1952-09-19', NULL, 1, 'D'),
(367, 20, '7217165', 'ADAN', 'TAPIA', '1963-03-20', NULL, 0, 'D'),
(368, 20, '8464357', 'HILARIO', 'ARCIA', '1960-07-20', NULL, 1, 'D'),
(369, 20, '7243125', 'RAMON', 'FREITES', '1965-07-03', NULL, 0, 'D'),
(370, 20, '7246384', 'MARIO', 'PACHECO', '1963-02-10', NULL, 0, 'D'),
(371, 20, '7221942', 'VICTOR', 'RAMIREZ', '1963-07-26', NULL, 0, 'D'),
(372, 20, '7274652', 'HENRY', 'HERNANDEZ', '1965-06-30', NULL, 0, 'D'),
(373, 20, '4552506', 'LUIS', 'JHAN', '1957-08-25', NULL, 0, 'D'),
(374, 20, '5277430', 'EDUARDO', 'PERDOMO', '1958-11-13', NULL, 1, 'D'),
(375, 20, '8744444', 'EVELIO', 'HERNANDEZ', '1968-07-08', NULL, 1, 'D'),
(376, 20, '7189941', 'RENNY', 'ESTRADA', '1957-04-09', NULL, 1, 'D'),
(377, 20, '8755034', 'LINO', 'GONZALEZ', '1964-09-23', NULL, 0, 'D'),
(378, 20, '7200066', 'JOSE', 'APONTE', '1960-07-26', NULL, 0, 'D'),
(379, 20, '6457534', 'HIRAN', 'DELGADO', '1957-02-13', NULL, 0, 'D'),
(380, 20, '0', 'RICARDO', 'VARENZUELA', '0000-00-00', NULL, 0, 'D'),
(381, 21, '3745258', 'DERMA', 'MACIAS', '1951-08-08', NULL, 0, 'D'),
(382, 21, '7210220', 'NABIL', 'MASKSAD', '1961-07-11', NULL, 0, 'D'),
(383, 21, '7199530', 'JOSE', 'VASQUEZ', '1959-05-06', NULL, 0, 'D'),
(384, 21, '5274642', 'HECTOR', 'TOVAR', '1959-08-07', NULL, 0, 'D'),
(385, 21, '5264603', 'SIMON', 'PINTO', '1957-02-16', NULL, 0, 'D'),
(386, 21, '7196527', 'ANGEL', 'NAVAS', '0000-00-00', NULL, 1, 'D'),
(387, 21, '9431695', 'FAUSTINO', 'AMADOR', '1964-02-15', NULL, 0, 'D'),
(388, 21, '7208216', 'PABLO', 'GOMEZ', '1960-07-28', NULL, 1, 'D'),
(389, 21, '7225117', 'RICHARD', 'PADILLA', '1964-06-15', NULL, 0, 'D'),
(390, 21, '4553294', 'GUSTAVO', 'CESPEDES', '1957-11-22', NULL, 0, 'D'),
(391, 21, '7248595', 'JUAN', 'OTERO', '1964-11-11', NULL, 0, 'D'),
(392, 21, '6551230', 'BENAMINO', 'LILOIA', '1963-12-27', NULL, 0, 'D'),
(393, 21, '4667180', 'RAFAEL', 'MAICA', '1957-10-04', NULL, 0, 'D'),
(394, 21, '7032752', 'NASSRRY', 'RANGEL', '1961-01-28', NULL, 0, 'D'),
(395, 21, '7195580', 'MEBIL', 'GONZALEZ', '1960-07-25', NULL, 0, 'D'),
(396, 21, '5265930', 'ARTURO', 'MIRANDA', '1955-08-24', NULL, 0, 'D'),
(397, 21, '7200166', 'MIGUEL', 'FLORES', '1960-10-27', NULL, 1, 'D'),
(398, 21, '7261481', 'ISAACC', 'ESTEVEZ', '1965-10-29', NULL, 0, 'D'),
(399, 21, '5270970', 'FREDDY', 'GALINDO', '1959-12-14', NULL, 1, 'D'),
(400, 21, '7186812', 'PEDRO', 'SALAZAR', '1960-08-01', NULL, 0, 'D'),
(401, 21, '8553132', 'CARLOS', 'MEDINA', '1960-03-22', NULL, 1, 'D'),
(402, 22, '7257990', 'JOSE', 'BALDERRAMA', '1964-03-27', NULL, 1, 'D'),
(403, 22, '9643737', 'VICTOR', 'VALDERRAMA', '1966-07-28', NULL, 0, 'D'),
(404, 22, '3745559', 'JOSE', 'ARAUJO', '1948-04-28', NULL, 1, 'D'),
(405, 22, '5935427', 'RAFAEL', 'GRATEROL', '1964-05-15', NULL, 1, 'D'),
(406, 22, '6465882', 'JUAN', 'MANMANY', '1960-11-29', NULL, 0, 'D'),
(407, 22, '6887926', 'FELIX', 'SISO', '1965-12-22', NULL, 0, 'D'),
(408, 22, '7195581', 'LUCAS', 'ROUZZ', '1961-05-13', NULL, 0, 'D'),
(409, 22, '9671575', 'JOSE', 'MORALES', '1965-02-23', NULL, 0, 'D'),
(410, 22, '5280268', 'HIRAN', 'ROSAS', '1960-03-13', NULL, 0, 'D'),
(411, 22, '7535635', 'NERSON', 'PASTRANO', '1962-08-17', NULL, 0, 'D'),
(412, 22, '7249586', 'NESTOR', 'SILVA', '1963-11-13', NULL, 0, 'D'),
(413, 22, '8788262', 'MIGUEL', 'NARANJO', '1962-09-03', NULL, 1, 'D'),
(414, 22, '7235602', 'ANIBAL', 'TORO', '1963-07-07', NULL, 0, 'D'),
(415, 22, '5266216', 'CRISANTO', 'MIJARES', '1958-03-15', NULL, 0, 'D'),
(416, 22, '7232787', 'ALIRIO', 'MOREAN', '1962-08-05', NULL, 0, 'D'),
(417, 22, '7190822', 'FROILAN', 'REYES', '1967-10-10', NULL, 0, 'D'),
(418, 22, '4520894', 'CESAR', 'LIENDO', '1953-02-26', NULL, 0, 'D'),
(419, 22, '8569889', 'LUIS', 'MATINEZ', '1960-02-24', NULL, 0, 'D'),
(420, 22, '4400851', 'ISIDRO', 'PASTRANO', '1949-07-21', NULL, 0, 'D'),
(421, 22, '6650803', 'EDGAR', 'GELVIS', '1964-09-19', NULL, 0, 'D'),
(422, 22, '7235078', 'JOSE', 'CASTILLO', '1966-08-02', NULL, 0, 'D'),
(423, 22, '7237193', 'JESUS', 'VOLCAN', '1963-12-25', NULL, 1, 'D'),
(424, 4, '26.369.213', 'Art', 'Vel', '5454-05-16', NULL, 1, 'B'),
(425, 4, '1.526.485', 'qweedc', 'rfvvbnm', '4565-03-12', NULL, 0, 'B'),
(426, 4, '148.632.579', 'yujjy', 'ghgnhgn', '1997-04-15', 28, 1, 'B');

-- --------------------------------------------------------

--
-- Estructura de tabla para la tabla `jugadores_lanz`
--

CREATE TABLE `jugadores_lanz` (
  `id_lanz` int(100) NOT NULL,
  `id_tab` int(100) NOT NULL,
  `id_temp` int(100) NOT NULL,
  `id_team` int(100) NOT NULL,
  `id_player` int(100) NOT NULL,
  `cedula` int(11) NOT NULL,
  `name_lanz` varchar(100) NOT NULL,
  `nj` int(100) NOT NULL,
  `categoria` varchar(1) NOT NULL,
  `jl` int(100) DEFAULT NULL,
  `jg` int(100) DEFAULT NULL,
  `il` decimal(10,2) DEFAULT NULL,
  `cp` int(100) DEFAULT NULL,
  `cpl` int(100) DEFAULT NULL,
  `h` int(100) DEFAULT NULL,
  `2b` int(100) DEFAULT NULL,
  `3b` int(100) DEFAULT NULL,
  `hr` int(100) DEFAULT NULL,
  `b` int(100) DEFAULT NULL,
  `k` int(100) DEFAULT NULL
) ENGINE=InnoDB DEFAULT CHARSET=utf8mb4;

--
-- Volcado de datos para la tabla `jugadores_lanz`
--

INSERT INTO `jugadores_lanz` (`id_lanz`, `id_tab`, `id_temp`, `id_team`, `id_player`, `cedula`, `name_lanz`, `nj`, `categoria`, `jl`, `jg`, `il`, `cp`, `cpl`, `h`, `2b`, `3b`, `hr`, `b`, `k`) VALUES
(1, 1, 1, 1, 4, 56457443, 'Pedro Vargas', 1, 'B', 0, 0, '0.00', 0, 0, 0, 0, 0, 0, 0, 0),
(2, 2, 1, 2, 2, 26369213, 'Arturo Vielma', 1, 'B', 0, 0, '0.00', 0, 0, 0, 0, 0, 0, 0, 0),
(3, 6, 3, 4, 112, 9439237, 'JOSE ROJAS', 1, 'B', 0, 0, '0.00', 0, 0, 0, 0, 0, 0, 0, 0),
(4, 6, 3, 4, 114, 10753762, 'GILBERTO LUNA', 1, 'B', 0, 0, '2.00', 2, 2, 3, 0, 0, 0, 2, 0),
(5, 6, 3, 4, 116, 13625600, 'DENIS SOLIS', 1, 'B', 1, 1, '5.00', 2, 1, 4, 2, 0, 0, 0, 2),
(6, 6, 3, 4, 117, 12568316, 'LUIS CASTELLANO', 1, 'B', 0, 0, '0.00', 0, 0, 0, 0, 0, 0, 0, 0),
(7, 6, 3, 4, 112, 9439237, 'JOSE ROJAS', 2, 'B', 0, 0, '0.00', 0, 0, 0, 0, 0, 0, 0, 0),
(8, 6, 3, 4, 114, 10753762, 'GILBERTO LUNA', 2, 'B', 0, 0, '0.00', 0, 0, 0, 0, 0, 0, 0, 0),
(9, 6, 3, 4, 116, 13625600, 'DENIS SOLIS', 2, 'B', 0, 0, '2.00', 0, 0, 1, 0, 0, 0, 1, 0),
(10, 6, 3, 4, 117, 12568316, 'LUIS CASTELLANO', 2, 'B', 1, 1, '5.00', 0, 0, 2, 1, 0, 0, 1, 3),
(11, 6, 3, 4, 112, 9439237, 'JOSE ROJAS', 3, 'B', 0, 0, '0.00', 0, 0, 0, 0, 0, 0, 0, 0),
(12, 6, 3, 4, 114, 10753762, 'GILBERTO LUNA', 3, 'B', 0, 0, '0.00', 0, 0, 0, 0, 0, 0, 0, 0),
(13, 6, 3, 4, 116, 13625600, 'DENIS SOLIS', 3, 'B', 0, 0, '0.00', 0, 0, 0, 0, 0, 0, 0, 0),
(14, 6, 3, 4, 117, 12568316, 'LUIS CASTELLANO', 3, 'B', 0, 0, '0.00', 0, 0, 0, 0, 0, 0, 0, 0),
(15, 12, 3, 10, 86, 9697772, 'NERIO APARICIO', 1, 'B', 0, 0, '0.00', 0, 0, 0, 0, 0, 0, 0, 0),
(16, 12, 3, 10, 90, 11496464, 'MIGUEL GUERRERO', 1, 'B', 0, 0, '0.00', 0, 0, 0, 0, 0, 0, 0, 0),
(17, 12, 3, 10, 94, 13133463, 'HERNAN MATINEZ', 1, 'B', 1, 0, '3.00', 6, 6, 6, 3, 0, 1, 1, 1),
(18, 12, 3, 10, 98, 10755819, 'EVERTE NOGUERA', 1, 'B', 0, 0, '4.00', 0, 0, 4, 0, 0, 0, 0, 0),
(19, 12, 3, 10, 101, 7255478, 'ARCADIO RATTIA', 1, 'B', 0, 0, '0.00', 0, 0, 0, 0, 0, 0, 0, 0),
(20, 12, 3, 10, 86, 9697772, 'NERIO APARICIO', 2, 'B', 0, 0, '0.00', 0, 0, 0, 0, 0, 0, 0, 0),
(21, 12, 3, 10, 90, 11496464, 'MIGUEL GUERRERO', 2, 'B', 0, 0, '0.00', 0, 0, 0, 0, 0, 0, 0, 0),
(22, 12, 3, 10, 94, 13133463, 'HERNAN MATINEZ', 2, 'B', 1, 1, '0.00', 3, 3, 1, 2, 0, 0, 2, 1),
(23, 12, 3, 10, 98, 10755819, 'EVERTE NOGUERA', 2, 'B', 0, 0, '3.33', 3, 3, 6, 2, 0, 0, 1, 0),
(24, 12, 3, 10, 101, 7255478, 'ARCADIO RATTIA', 2, 'B', 0, 0, '0.00', 0, 0, 0, 0, 0, 0, 0, 0),
(25, 10, 3, 8, 61, 8677611, 'HECTOR PEREZ', 1, 'B', 0, 0, '0.00', 0, 0, 0, 0, 0, 0, 0, 0),
(26, 10, 3, 8, 62, 72545586, 'EFREN RODRIGUEZ', 1, 'B', 0, 0, '3.00', 2, 2, 1, 2, 0, 0, 2, 0),
(27, 10, 3, 8, 63, 6303697, 'JOSE ROJAS', 1, 'B', 1, 0, '2.00', 3, 2, 2, 2, 0, 0, 3, 1),
(28, 10, 3, 8, 79, 15486208, 'NERIO RIVERO', 1, 'B', 0, 0, '1.00', 1, 1, 0, 0, 1, 0, 1, 1),
(29, 10, 3, 8, 61, 8677611, 'HECTOR PEREZ', 2, 'B', 0, 0, '0.00', 0, 0, 0, 0, 0, 0, 0, 0),
(30, 10, 3, 8, 62, 72545586, 'EFREN RODRIGUEZ', 2, 'B', 0, 0, '1.00', 0, 0, 2, 0, 0, 0, 0, 0),
(31, 10, 3, 8, 63, 6303697, 'JOSE ROJAS', 2, 'B', 0, 0, '0.66', 2, 2, 0, 1, 0, 0, 1, 0),
(32, 10, 3, 8, 79, 15486208, 'NERIO RIVERO', 2, 'B', 1, 0, '4.33', 2, 1, 1, 0, 0, 0, 5, 2),
(33, 9, 3, 7, 137, 11087851, 'WILSON GRAFF', 1, 'B', 0, 0, '0.00', 0, 0, 0, 0, 0, 0, 0, 0),
(34, 9, 3, 7, 138, 8728615, 'VICENTE COLMENARES', 1, 'B', 0, 0, '0.00', 0, 0, 0, 0, 0, 0, 0, 0),
(35, 9, 3, 7, 142, 14109916, 'ELBER NARANJO', 1, 'B', 0, 0, '0.00', 0, 0, 0, 0, 0, 0, 0, 0),
(36, 9, 3, 7, 148, 12145449, 'BENARDO TOVAR', 1, 'B', 1, 1, '3.00', 2, 2, 4, 0, 0, 1, 0, 1),
(37, 9, 3, 7, 152, 12610857, 'GERMAN CAMACHO', 1, 'B', 0, 0, '4.00', 1, 1, 3, 0, 0, 0, 3, 1),
(38, 9, 3, 7, 137, 11087851, 'WILSON GRAFF', 2, 'B', 0, 0, '0.00', 0, 0, 0, 0, 0, 0, 0, 0),
(39, 9, 3, 7, 138, 8728615, 'VICENTE COLMENARES', 2, 'B', 0, 0, '0.00', 0, 0, 0, 0, 0, 0, 0, 0),
(40, 9, 3, 7, 142, 14109916, 'ELBER NARANJO', 2, 'B', 0, 0, '0.00', 0, 0, 0, 0, 0, 0, 0, 0),
(41, 9, 3, 7, 148, 12145449, 'BENARDO TOVAR', 2, 'B', 1, 1, '7.00', 1, 1, 4, 1, 0, 1, 2, 2),
(42, 9, 3, 7, 152, 12610857, 'GERMAN CAMACHO', 2, 'B', 0, 0, '0.00', 0, 0, 0, 0, 0, 0, 0, 0),
(43, 7, 3, 6, 34, 9673758, 'DANNY CARVETTI', 1, 'B', 0, 0, '0.00', 0, 0, 0, 0, 0, 0, 0, 0),
(44, 7, 3, 6, 36, 7265878, 'JHONNY BLANCO', 1, 'B', 0, 0, '0.00', 0, 0, 0, 0, 0, 0, 0, 0),
(45, 7, 3, 6, 41, 7248792, 'TRINO GUERRA', 1, 'B', 0, 0, '0.00', 0, 0, 0, 0, 0, 0, 0, 0),
(46, 7, 3, 6, 42, 10157676, 'MARTIN MENDOZA', 1, 'B', 0, 0, '0.00', 0, 0, 0, 0, 0, 0, 0, 0),
(47, 7, 3, 6, 45, 9668617, 'GREGORIO LOPEZ', 1, 'B', 1, 0, '7.00', 9, 8, 11, 2, 2, 0, 3, 2),
(48, 7, 3, 6, 49, 11115644, 'DAVID CONTRERAS', 1, 'B', 0, 0, '0.00', 0, 0, 0, 0, 0, 0, 0, 0),
(49, 7, 3, 6, 34, 9673758, 'DANNY CARVETTI', 2, 'B', 0, 0, '0.00', 0, 0, 0, 0, 0, 0, 0, 0),
(50, 7, 3, 6, 36, 7265878, 'JHONNY BLANCO', 2, 'B', 0, 0, '0.00', 0, 0, 0, 0, 0, 0, 0, 0),
(51, 7, 3, 6, 41, 7248792, 'TRINO GUERRA', 2, 'B', 0, 0, '0.00', 0, 0, 0, 0, 0, 0, 0, 0),
(52, 7, 3, 6, 42, 10157676, 'MARTIN MENDOZA', 2, 'B', 0, 0, '0.00', 0, 0, 0, 0, 0, 0, 0, 0),
(53, 7, 3, 6, 45, 9668617, 'GREGORIO LOPEZ', 2, 'B', 1, 1, '7.00', 4, 2, 6, 1, 1, 0, 3, 6),
(54, 7, 3, 6, 49, 11115644, 'DAVID CONTRERAS', 2, 'B', 0, 0, '0.00', 0, 0, 0, 0, 0, 0, 0, 0),
(55, 11, 3, 9, 161, 9654897, 'EUGENIO CHIPRE', 1, 'B', 1, 0, '4.66', 10, 9, 3, 0, 1, 5, 4, 4),
(56, 11, 3, 9, 162, 12103155, 'ASDRUBAL BRAVO', 1, 'B', 0, 0, '0.00', 0, 0, 0, 0, 0, 0, 0, 0),
(57, 11, 3, 9, 163, 7190189, 'CARLOS ESPINOZA', 1, 'B', 0, 0, '1.33', 0, 0, 4, 0, 0, 0, 0, 0),
(58, 11, 3, 9, 174, 2903498, 'FREDDY JURADO', 1, 'B', 0, 0, '0.00', 0, 0, 0, 0, 0, 0, 0, 0),
(59, 11, 3, 9, 184, 7245014, 'BAUDILIO SILVA', 1, 'B', 0, 0, '0.00', 0, 0, 0, 0, 0, 0, 0, 0),
(60, 8, 3, 5, 13, 10457594, 'JOSE GUEVARA', 1, 'B', 0, 0, '0.00', 0, 0, 0, 0, 0, 0, 0, 0),
(61, 8, 3, 5, 16, 9693994, 'JOSE MARCHAN', 1, 'B', 1, 0, '6.00', 2, 1, 5, 3, 0, 0, 0, 4),
(62, 8, 3, 5, 26, 11184288, 'ANDRY MENDEZ', 1, 'B', 0, 0, '0.00', 0, 0, 0, 0, 0, 0, 0, 0),
(63, 8, 3, 5, 53, 10750199, 'VICTOR HERNANDEZ', 1, 'B', 0, 0, '0.00', 0, 0, 0, 0, 0, 0, 0, 0),
(64, 8, 3, 5, 56, 14319145, 'GABRIEL LIRA', 1, 'B', 0, 0, '0.00', 0, 0, 0, 0, 0, 0, 0, 0),
(65, 9, 3, 7, 137, 11087851, 'WILSON GRAFF', 3, 'B', 0, 0, '0.00', 0, 0, 0, 0, 0, 0, 0, 0),
(66, 9, 3, 7, 138, 8728615, 'VICENTE COLMENARES', 3, 'B', 0, 0, '0.00', 0, 0, 0, 0, 0, 0, 0, 0),
(67, 9, 3, 7, 142, 14109916, 'ELBER NARANJO', 3, 'B', 0, 0, '0.00', 0, 0, 0, 0, 0, 0, 0, 0),
(68, 9, 3, 7, 148, 12145449, 'BENARDO TOVAR', 3, 'B', 0, 0, '0.00', 0, 0, 0, 0, 0, 0, 0, 0),
(69, 9, 3, 7, 152, 12610857, 'GERMAN CAMACHO', 3, 'B', 0, 0, '0.00', 0, 0, 0, 0, 0, 0, 0, 0),
(70, 12, 3, 10, 86, 9697772, 'NERIO APARICIO', 3, 'B', 0, 0, '0.00', 0, 0, 0, 0, 0, 0, 0, 0),
(71, 12, 3, 10, 90, 11496464, 'MIGUEL GUERRERO', 3, 'B', 0, 0, '0.00', 0, 0, 0, 0, 0, 0, 0, 0),
(72, 12, 3, 10, 94, 13133463, 'HERNAN MATINEZ', 3, 'B', 0, 0, '0.00', 0, 0, 0, 0, 0, 0, 0, 0),
(73, 12, 3, 10, 98, 10755819, 'EVERTE NOGUERA', 3, 'B', 0, 0, '0.00', 0, 0, 0, 0, 0, 0, 0, 0),
(74, 12, 3, 10, 101, 7255478, 'ARCADIO RATTIA', 3, 'B', 0, 0, '0.00', 0, 0, 0, 0, 0, 0, 0, 0),
(75, 13, 4, 12, 190, 3291020, 'PEDRO ECHENIQUE', 1, 'C', 0, 0, '0.00', 0, 0, 0, 0, 0, 0, 0, 0),
(76, 13, 4, 12, 193, 8728615, 'VICENTE COLMENARES', 1, 'C', 0, 0, '0.00', 0, 0, 0, 0, 0, 0, 0, 0),
(77, 13, 4, 12, 197, 4399505, 'GENARO RIOS', 1, 'C', 0, 0, '0.00', 0, 0, 0, 0, 0, 0, 0, 0),
(78, 13, 4, 12, 207, 7227962, 'CARLOS MENDOZA', 1, 'C', 0, 0, '0.00', 0, 0, 0, 0, 0, 0, 0, 0),
(79, 13, 4, 12, 209, 8152329, 'ORLANDO TOVAR', 1, 'C', 0, 0, '0.00', 0, 0, 0, 0, 0, 0, 0, 0),
(80, 13, 4, 12, 190, 3291020, 'PEDRO ECHENIQUE', 2, 'C', 0, 0, '0.00', 0, 0, 0, 0, 0, 0, 0, 0),
(81, 13, 4, 12, 193, 8728615, 'VICENTE COLMENARES', 2, 'C', 0, 0, '0.00', 0, 0, 0, 0, 0, 0, 0, 0),
(82, 13, 4, 12, 197, 4399505, 'GENARO RIOS', 2, 'C', 0, 0, '0.00', 0, 0, 0, 0, 0, 0, 0, 0),
(83, 13, 4, 12, 207, 7227962, 'CARLOS MENDOZA', 2, 'C', 0, 0, '0.00', 0, 0, 0, 0, 0, 0, 0, 0),
(84, 13, 4, 12, 209, 8152329, 'ORLANDO TOVAR', 2, 'C', 0, 0, '0.00', 0, 0, 0, 0, 0, 0, 0, 0),
(85, 13, 4, 12, 190, 3291020, 'PEDRO ECHENIQUE', 3, 'C', 0, 0, '0.00', 0, 0, 0, 0, 0, 0, 0, 0),
(86, 13, 4, 12, 193, 8728615, 'VICENTE COLMENARES', 3, 'C', 0, 0, '0.00', 0, 0, 0, 0, 0, 0, 0, 0),
(87, 13, 4, 12, 197, 4399505, 'GENARO RIOS', 3, 'C', 0, 0, '0.00', 0, 0, 0, 0, 0, 0, 0, 0),
(88, 13, 4, 12, 207, 7227962, 'CARLOS MENDOZA', 3, 'C', 0, 0, '0.00', 0, 0, 0, 0, 0, 0, 0, 0),
(89, 13, 4, 12, 209, 8152329, 'ORLANDO TOVAR', 3, 'C', 0, 0, '0.00', 0, 0, 0, 0, 0, 0, 0, 0),
(90, 14, 4, 14, 234, 8727505, 'JOSE QUERALES', 1, 'C', 0, 0, '0.00', 0, 0, 0, 0, 0, 0, 0, 0),
(91, 14, 4, 14, 239, 6392387, 'FREDDY GONZALEZ', 1, 'C', 0, 0, '0.00', 0, 0, 0, 0, 0, 0, 0, 0),
(92, 14, 4, 14, 242, 5278302, 'ANGEL QUINTERO', 1, 'C', 0, 0, '0.00', 0, 0, 0, 0, 0, 0, 0, 0),
(93, 14, 4, 14, 245, 8735553, 'NELSON CONTRERAS', 1, 'C', 0, 0, '0.00', 0, 0, 0, 0, 0, 0, 0, 0),
(94, 14, 4, 14, 253, 9657589, 'MIGUEL CHAVEZ', 1, 'C', 0, 0, '0.00', 0, 0, 0, 0, 0, 0, 0, 0),
(95, 14, 4, 14, 234, 8727505, 'JOSE QUERALES', 3, 'C', 0, 0, '0.00', 0, 0, 0, 0, 0, 0, 0, 0),
(96, 14, 4, 14, 239, 6392387, 'FREDDY GONZALEZ', 3, 'C', 0, 0, '0.00', 0, 0, 0, 0, 0, 0, 0, 0),
(97, 14, 4, 14, 242, 5278302, 'ANGEL QUINTERO', 3, 'C', 0, 0, '0.00', 0, 0, 0, 0, 0, 0, 0, 0),
(98, 14, 4, 14, 245, 8735553, 'NELSON CONTRERAS', 3, 'C', 0, 0, '0.00', 0, 0, 0, 0, 0, 0, 0, 0),
(99, 14, 4, 14, 253, 9657589, 'MIGUEL CHAVEZ', 3, 'C', 0, 0, '0.00', 0, 0, 0, 0, 0, 0, 0, 0),
(100, 15, 4, 16, 278, 5277430, 'EDUARDO PERDOMO', 1, 'C', 0, 0, '0.00', 0, 0, 0, 0, 0, 0, 0, 0),
(101, 15, 4, 16, 279, 8788252, 'MIGUEL NARANJO', 1, 'C', 0, 0, '0.00', 0, 0, 0, 0, 0, 0, 0, 0),
(102, 15, 4, 16, 280, 8687290, 'HENDER FERNANDEZ', 1, 'C', 0, 0, '0.00', 0, 0, 0, 0, 0, 0, 0, 0),
(103, 15, 4, 16, 283, 8331228, 'JOSE MELEAN', 1, 'C', 0, 0, '0.00', 0, 0, 0, 0, 0, 0, 0, 0),
(104, 15, 4, 16, 295, 11761472, 'JOSE PEREZ', 1, 'C', 0, 0, '0.00', 0, 0, 0, 0, 0, 0, 0, 0),
(105, 16, 5, 19, 339, 6392387, 'FREDDY GONZALEZ', 1, 'D', 0, 0, '0.00', 0, 0, 0, 0, 0, 0, 0, 0),
(106, 16, 5, 19, 341, 5278302, 'ANGEL QUINTERO', 1, 'D', 0, 0, '0.00', 0, 0, 0, 0, 0, 0, 0, 0),
(107, 16, 5, 19, 349, 8727505, 'JOSE QUERALES', 1, 'D', 0, 0, '0.00', 0, 0, 0, 0, 0, 0, 0, 0),
(108, 16, 5, 19, 355, 8146462, 'JESUS GUTIERREZ', 1, 'D', 0, 0, '0.00', 0, 0, 0, 0, 0, 0, 0, 0),
(109, 16, 5, 19, 358, 7270961, 'GUSTAVO GONZALEZ', 1, 'D', 0, 0, '0.00', 0, 0, 0, 0, 0, 0, 0, 0),
(110, 19, 6, 4, 112, 9439237, 'JOSE ROJAS', 1, 'B', 0, 0, '0.00', 0, 0, 0, 0, 0, 0, 0, 0),
(111, 19, 6, 4, 114, 10753762, 'GILBERTO LUNA', 1, 'B', 0, 0, '0.00', 0, 0, 0, 0, 0, 0, 0, 0),
(112, 19, 6, 4, 116, 13625600, 'DENIS SOLIS', 1, 'B', 0, 0, '0.00', 0, 0, 0, 0, 0, 0, 0, 0),
(113, 19, 6, 4, 117, 12568316, 'LUIS CASTELLANO', 1, 'B', 0, 0, '0.00', 0, 0, 0, 0, 0, 0, 0, 0),
(114, 19, 6, 4, 424, 26369, 'Art Vel', 1, 'B', 0, 0, '0.00', 0, 0, 0, 0, 0, 0, 0, 0),
(115, 19, 6, 4, 426, 148632, 'yujjy ghgnhgn', 1, 'B', 0, 0, '0.00', 0, 0, 0, 0, 0, 0, 0, 0),
(116, 6, 3, 4, 112, 9439237, 'JOSE ROJAS', 4, 'B', 0, 0, '0.00', 0, 0, 0, 0, 0, 0, 0, 0),
(117, 6, 3, 4, 114, 10753762, 'GILBERTO LUNA', 4, 'B', 0, 0, '0.00', 0, 0, 0, 0, 0, 0, 0, 0),
(118, 6, 3, 4, 116, 13625600, 'DENIS SOLIS', 4, 'B', 0, 0, '0.00', 0, 0, 0, 0, 0, 0, 0, 0),
(119, 6, 3, 4, 117, 12568316, 'LUIS CASTELLANO', 4, 'B', 0, 0, '0.00', 0, 0, 0, 0, 0, 0, 0, 0),
(120, 6, 3, 4, 424, 26369, 'Art Vel', 4, 'B', 0, 0, '0.00', 0, 0, 0, 0, 0, 0, 0, 0),
(121, 6, 3, 4, 426, 148632, 'yujjy ghgnhgn', 4, 'B', 0, 0, '0.00', 0, 0, 0, 0, 0, 0, 0, 0),
(122, 6, 3, 4, 424, 26369, 'Art Vel', 1, 'B', 0, 0, '0.00', 0, 0, 0, 0, 0, 0, 0, 0),
(123, 6, 3, 4, 426, 148632, 'yujjy ghgnhgn', 1, 'B', 0, 0, '0.00', 0, 0, 0, 0, 0, 0, 0, 0),
(124, 6, 3, 4, 424, 26369, 'Art Vel', 2, 'B', 0, 0, '0.00', 0, 0, 0, 0, 0, 0, 0, 0),
(125, 6, 3, 4, 426, 148632, 'yujjy ghgnhgn', 2, 'B', 0, 0, '0.00', 0, 0, 0, 0, 0, 0, 0, 0),
(126, 6, 3, 4, 424, 26369, 'Art Vel', 3, 'B', 0, 0, '0.00', 0, 0, 0, 0, 0, 0, 0, 0),
(127, 6, 3, 4, 426, 148632, 'yujjy ghgnhgn', 3, 'B', 0, 0, '0.00', 0, 0, 0, 0, 0, 0, 0, 0);

-- --------------------------------------------------------

--
-- Estructura de tabla para la tabla `jugadores_stats`
--

CREATE TABLE `jugadores_stats` (
  `id_js` int(100) NOT NULL,
  `id_tab` int(100) NOT NULL,
  `id_temp` int(100) NOT NULL,
  `id_team` int(100) NOT NULL,
  `id_player` int(100) NOT NULL,
  `cedula` int(11) NOT NULL,
  `name_jugador` varchar(60) NOT NULL,
  `nj` int(100) NOT NULL,
  `categoria` varchar(1) NOT NULL,
  `vb` int(100) DEFAULT NULL,
  `h` int(100) DEFAULT NULL,
  `hr` int(100) DEFAULT NULL,
  `2b` int(100) DEFAULT NULL,
  `3b` int(100) DEFAULT NULL,
  `ca` int(100) DEFAULT NULL,
  `ci` int(100) DEFAULT NULL,
  `k` int(100) DEFAULT NULL,
  `b` int(100) DEFAULT NULL,
  `a` int(100) DEFAULT NULL
) ENGINE=InnoDB DEFAULT CHARSET=utf8mb4;

--
-- Volcado de datos para la tabla `jugadores_stats`
--

INSERT INTO `jugadores_stats` (`id_js`, `id_tab`, `id_temp`, `id_team`, `id_player`, `cedula`, `name_jugador`, `nj`, `categoria`, `vb`, `h`, `hr`, `2b`, `3b`, `ca`, `ci`, `k`, `b`, `a`) VALUES
(1, 1, 1, 1, 3, 23452524, 'Jose Perez', 1, 'B', 5, 2, 1, 0, 1, 0, 0, 1, 0, 1),
(2, 1, 1, 1, 4, 56457443, 'Pedro Vargas', 1, 'B', 5, 1, 1, 1, 0, 2, 2, 1, 0, 1),
(3, 2, 1, 2, 1, 4305940, 'alexis Gonzales', 1, 'B', 6, 3, 1, 0, 1, 1, 1, 0, 0, 1),
(4, 2, 1, 2, 2, 26369213, 'Arturo Vielma', 1, 'B', 4, 2, 0, 0, 0, 0, 0, 0, 0, 1),
(5, 6, 3, 4, 112, 9439237, 'JOSE ROJAS', 1, 'B', 0, 0, 0, 0, 0, 0, 0, 0, 0, 0),
(6, 6, 3, 4, 113, 9679218, 'FRANKLIN APARICIO', 1, 'B', 3, 2, 0, 1, 0, 0, 2, 0, 0, 1),
(7, 6, 3, 4, 114, 10753762, 'GILBERTO LUNA', 1, 'B', 1, 0, 0, 0, 0, 0, 0, 1, 0, 1),
(8, 6, 3, 4, 115, 11093649, 'HERNAN TORREALBA', 1, 'B', 3, 1, 0, 0, 0, 1, 0, 0, 1, 1),
(9, 6, 3, 4, 116, 13625600, 'DENIS SOLIS', 1, 'B', 2, 1, 0, 0, 0, 0, 0, 0, 0, 1),
(10, 6, 3, 4, 117, 12568316, 'LUIS CASTELLANO', 1, 'B', 4, 0, 0, 1, 0, 1, 0, 0, 0, 1),
(11, 6, 3, 4, 118, 13780614, 'FREDERIN GUEVARA', 1, 'B', 1, 0, 0, 0, 0, 0, 0, 0, 0, 1),
(12, 6, 3, 4, 119, 12855103, 'EFRAIN QUINTERO', 1, 'B', 3, 0, 0, 0, 0, 0, 0, 1, 0, 1),
(13, 6, 3, 4, 120, 14038428, 'JHONAL HERRERA', 1, 'B', 3, 1, 0, 1, 0, 1, 0, 0, 0, 1),
(14, 6, 3, 4, 121, 13728092, 'VICTOR RONDON', 1, 'B', 3, 1, 0, 0, 0, 0, 0, 0, 0, 1),
(15, 6, 3, 4, 122, 15129468, 'LUIS RODRIGUEZ', 1, 'B', 3, 1, 1, 0, 0, 1, 3, 0, 0, 1),
(16, 6, 3, 4, 123, 14854652, 'CARLOS GOMEZ', 1, 'B', 0, 0, 0, 0, 0, 0, 0, 0, 0, 0),
(17, 6, 3, 4, 124, 15453247, 'YAFAR MONROY', 1, 'B', 0, 0, 0, 0, 0, 0, 0, 0, 0, 0),
(18, 6, 3, 4, 125, 15601046, 'GEORGE SOTO', 1, 'B', 3, 2, 0, 0, 0, 3, 0, 0, 0, 1),
(19, 6, 3, 4, 126, 15301030, 'LUIS ZERPA', 1, 'B', 0, 0, 0, 0, 0, 0, 0, 0, 0, 0),
(20, 6, 3, 4, 127, 14297327, 'JOEL URBINA', 1, 'B', 0, 0, 0, 0, 0, 0, 0, 0, 0, 0),
(21, 6, 3, 4, 128, 15610809, 'DANIEL ESCALONA', 1, 'B', 3, 1, 0, 0, 0, 0, 1, 0, 0, 1),
(22, 6, 3, 4, 129, 25538662, 'CARLOS CEBALLOS', 1, 'B', 0, 0, 0, 0, 0, 0, 0, 0, 0, 0),
(23, 6, 3, 4, 130, 15533806, 'ULISES FILIPONE', 1, 'B', 0, 0, 0, 0, 0, 0, 0, 0, 0, 0),
(24, 6, 3, 4, 131, 18851197, 'MARCOS CASTELLANO', 1, 'B', 3, 0, 0, 0, 0, 0, 0, 0, 0, 1),
(25, 6, 3, 4, 132, 16691, 'DAVID GONZALEZ', 1, 'B', 0, 0, 0, 0, 0, 0, 0, 0, 0, 0),
(26, 6, 3, 4, 112, 9439237, 'JOSE ROJAS', 2, 'B', 0, 0, 0, 0, 0, 0, 0, 0, 0, 0),
(27, 6, 3, 4, 113, 9679218, 'FRANKLIN APARICIO', 2, 'B', 0, 0, 0, 0, 0, 0, 0, 0, 0, 0),
(28, 6, 3, 4, 114, 10753762, 'GILBERTO LUNA', 2, 'B', 0, 0, 0, 0, 0, 0, 0, 0, 0, 1),
(29, 6, 3, 4, 115, 11093649, 'HERNAN TORREALBA', 2, 'B', 2, 0, 0, 0, 0, 0, 0, 1, 0, 1),
(30, 6, 3, 4, 116, 13625600, 'DENIS SOLIS', 2, 'B', 0, 0, 0, 0, 0, 0, 0, 0, 0, 1),
(31, 6, 3, 4, 117, 12568316, 'LUIS CASTELLANO', 2, 'B', 3, 0, 0, 0, 0, 0, 0, 0, 0, 1),
(32, 6, 3, 4, 118, 13780614, 'FREDERIN GUEVARA', 2, 'B', 0, 0, 0, 0, 0, 0, 0, 0, 0, 1),
(33, 6, 3, 4, 119, 12855103, 'EFRAIN QUINTERO', 2, 'B', 3, 1, 0, 0, 0, 0, 0, 0, 0, 1),
(34, 6, 3, 4, 120, 14038428, 'JHONAL HERRERA', 2, 'B', 2, 0, 0, 1, 0, 1, 0, 0, 0, 1),
(35, 6, 3, 4, 121, 13728092, 'VICTOR RONDON', 2, 'B', 0, 0, 0, 0, 0, 0, 0, 0, 0, 0),
(36, 6, 3, 4, 122, 15129468, 'LUIS RODRIGUEZ', 2, 'B', 2, 1, 0, 0, 0, 0, 0, 0, 0, 1),
(37, 6, 3, 4, 123, 14854652, 'CARLOS GOMEZ', 2, 'B', 2, 1, 0, 0, 0, 0, 0, 1, 0, 1),
(38, 6, 3, 4, 124, 15453247, 'YAFAR MONROY', 2, 'B', 2, 0, 0, 0, 0, 0, 0, 1, 0, 1),
(39, 6, 3, 4, 125, 15601046, 'GEORGE SOTO', 2, 'B', 2, 1, 0, 1, 0, 0, 0, 0, 0, 1),
(40, 6, 3, 4, 126, 15301030, 'LUIS ZERPA', 2, 'B', 0, 0, 0, 0, 0, 0, 0, 0, 0, 0),
(41, 6, 3, 4, 127, 14297327, 'JOEL URBINA', 2, 'B', 0, 0, 0, 0, 0, 0, 0, 0, 0, 1),
(42, 6, 3, 4, 128, 15610809, 'DANIEL ESCALONA', 2, 'B', 2, 1, 0, 0, 0, 0, 0, 0, 0, 1),
(43, 6, 3, 4, 129, 25538662, 'CARLOS CEBALLOS', 2, 'B', 2, 0, 0, 1, 0, 0, 1, 0, 0, 1),
(44, 6, 3, 4, 130, 15533806, 'ULISES FILIPONE', 2, 'B', 2, 0, 0, 0, 0, 0, 0, 0, 0, 1),
(45, 6, 3, 4, 131, 18851197, 'MARCOS CASTELLANO', 2, 'B', 0, 0, 0, 0, 0, 0, 0, 0, 0, 0),
(46, 6, 3, 4, 132, 16691, 'DAVID GONZALEZ', 2, 'B', 1, 0, 0, 0, 0, 0, 0, 1, 0, 1),
(47, 6, 3, 4, 112, 9439237, 'JOSE ROJAS', 3, 'B', 0, 0, 0, 0, 0, 0, 0, 0, 0, 0),
(48, 6, 3, 4, 113, 9679218, 'FRANKLIN APARICIO', 3, 'B', 0, 0, 0, 0, 0, 0, 0, 0, 0, 0),
(49, 6, 3, 4, 114, 10753762, 'GILBERTO LUNA', 3, 'B', 0, 0, 0, 0, 0, 0, 0, 0, 0, 0),
(50, 6, 3, 4, 115, 11093649, 'HERNAN TORREALBA', 3, 'B', 0, 0, 0, 0, 0, 0, 0, 0, 0, 0),
(51, 6, 3, 4, 116, 13625600, 'DENIS SOLIS', 3, 'B', 0, 0, 0, 0, 0, 0, 0, 0, 0, 0),
(52, 6, 3, 4, 117, 12568316, 'LUIS CASTELLANO', 3, 'B', 0, 0, 0, 0, 0, 0, 0, 0, 0, 0),
(53, 6, 3, 4, 118, 13780614, 'FREDERIN GUEVARA', 3, 'B', 0, 0, 0, 0, 0, 0, 0, 0, 0, 0),
(54, 6, 3, 4, 119, 12855103, 'EFRAIN QUINTERO', 3, 'B', 0, 0, 0, 0, 0, 0, 0, 0, 0, 0),
(55, 6, 3, 4, 120, 14038428, 'JHONAL HERRERA', 3, 'B', 0, 0, 0, 0, 0, 0, 0, 0, 0, 0),
(56, 6, 3, 4, 121, 13728092, 'VICTOR RONDON', 3, 'B', 0, 0, 0, 0, 0, 0, 0, 0, 0, 0),
(57, 6, 3, 4, 122, 15129468, 'LUIS RODRIGUEZ', 3, 'B', 0, 0, 0, 0, 0, 0, 0, 0, 0, 0),
(58, 6, 3, 4, 123, 14854652, 'CARLOS GOMEZ', 3, 'B', 0, 0, 0, 0, 0, 0, 0, 0, 0, 0),
(59, 6, 3, 4, 124, 15453247, 'YAFAR MONROY', 3, 'B', 0, 0, 0, 0, 0, 0, 0, 0, 0, 0),
(60, 6, 3, 4, 125, 15601046, 'GEORGE SOTO', 3, 'B', 0, 0, 0, 0, 0, 0, 0, 0, 0, 0),
(61, 6, 3, 4, 126, 15301030, 'LUIS ZERPA', 3, 'B', 0, 0, 0, 0, 0, 0, 0, 0, 0, 0),
(62, 6, 3, 4, 127, 14297327, 'JOEL URBINA', 3, 'B', 0, 0, 0, 0, 0, 0, 0, 0, 0, 0),
(63, 6, 3, 4, 128, 15610809, 'DANIEL ESCALONA', 3, 'B', 0, 0, 0, 0, 0, 0, 0, 0, 0, 0),
(64, 6, 3, 4, 129, 25538662, 'CARLOS CEBALLOS', 3, 'B', 5, 2, 0, 2, 0, 0, 0, 1, 0, 0),
(65, 6, 3, 4, 130, 15533806, 'ULISES FILIPONE', 3, 'B', 0, 0, 0, 0, 0, 0, 0, 0, 0, 0),
(66, 6, 3, 4, 131, 18851197, 'MARCOS CASTELLANO', 3, 'B', 0, 0, 0, 0, 0, 0, 0, 0, 0, 0),
(67, 6, 3, 4, 132, 16691, 'DAVID GONZALEZ', 3, 'B', 0, 0, 0, 0, 0, 0, 0, 0, 0, 0),
(68, 12, 3, 10, 85, 14664354, 'ARTURO ACACIO', 1, 'B', 0, 0, 0, 0, 0, 0, 0, 0, 0, 0),
(69, 12, 3, 10, 86, 9697772, 'NERIO APARICIO', 1, 'B', 0, 0, 0, 0, 0, 0, 0, 0, 0, 0),
(70, 12, 3, 10, 87, 11060497, 'LEWYS BLANCO', 1, 'B', 2, 1, 0, 0, 0, 0, 1, 0, 0, 1),
(71, 12, 3, 10, 88, 13769605, 'DANNY CISNERO', 1, 'B', 3, 1, 0, 1, 0, 0, 1, 0, 0, 1),
(72, 12, 3, 10, 89, 9694675, 'LEONARDO CORREIA', 1, 'B', 2, 0, 0, 0, 0, 0, 0, 0, 0, 1),
(73, 12, 3, 10, 90, 11496464, 'MIGUEL GUERRERO', 1, 'B', 0, 0, 0, 0, 0, 0, 0, 0, 0, 0),
(74, 12, 3, 10, 91, 9653000, 'JOHN JIMENEZ', 1, 'B', 0, 0, 0, 0, 0, 0, 0, 0, 0, 1),
(75, 12, 3, 10, 92, 11088864, 'SAUL LOYO', 1, 'B', 1, 0, 0, 0, 0, 0, 0, 0, 0, 1),
(76, 12, 3, 10, 93, 10458740, 'CRISPIN MACHADO', 1, 'B', 3, 1, 0, 0, 0, 1, 0, 1, 0, 1),
(77, 12, 3, 10, 94, 13133463, 'HERNAN MATINEZ', 1, 'B', 0, 0, 0, 0, 0, 0, 0, 0, 0, 0),
(78, 12, 3, 10, 95, 12927967, 'DUILIO NAVAS', 1, 'B', 1, 1, 0, 0, 0, 1, 0, 0, 0, 1),
(79, 12, 3, 10, 96, 11091148, 'EMERSON NIEVES', 1, 'B', 0, 0, 0, 0, 0, 0, 0, 0, 0, 0),
(80, 12, 3, 10, 97, 11591554, 'JUAN NIEVES', 1, 'B', 1, 0, 0, 0, 0, 0, 0, 0, 0, 1),
(81, 12, 3, 10, 98, 10755819, 'EVERTE NOGUERA', 1, 'B', 0, 0, 0, 0, 0, 0, 0, 0, 0, 1),
(82, 12, 3, 10, 99, 12146329, 'JACKSON ORTEGA', 1, 'B', 0, 0, 0, 0, 0, 0, 0, 0, 0, 0),
(83, 12, 3, 10, 100, 9654405, 'JAIRO PINILLA', 1, 'B', 1, 0, 0, 0, 0, 0, 0, 0, 0, 1),
(84, 12, 3, 10, 101, 7255478, 'ARCADIO RATTIA', 1, 'B', 0, 0, 0, 0, 0, 0, 0, 0, 0, 0),
(85, 12, 3, 10, 102, 9439945, 'JOSE RIOS', 1, 'B', 0, 0, 0, 0, 0, 0, 0, 0, 0, 1),
(86, 12, 3, 10, 103, 9439595, 'CESAR ROMERO', 1, 'B', 0, 0, 0, 0, 0, 0, 0, 0, 0, 0),
(87, 12, 3, 10, 104, 12335469, 'DOUGLAS SANCHEZ', 1, 'B', 2, 0, 0, 1, 0, 1, 0, 0, 0, 1),
(88, 12, 3, 10, 105, 11091326, 'CARLOS SILVA', 1, 'B', 0, 0, 0, 0, 0, 0, 0, 0, 0, 0),
(89, 12, 3, 10, 106, 11085830, 'ANGEL SOLER', 1, 'B', 1, 0, 0, 0, 0, 0, 0, 0, 0, 1),
(90, 12, 3, 10, 108, 9680367, 'MIKE TORRES', 1, 'B', 2, 2, 0, 0, 0, 1, 1, 0, 0, 1),
(91, 12, 3, 10, 109, 13426860, 'JESUS TOVAR', 1, 'B', 2, 0, 0, 0, 0, 0, 0, 1, 0, 1),
(92, 12, 3, 10, 110, 11088866, 'NELSON TOVAR', 1, 'B', 2, 1, 0, 0, 0, 0, 0, 0, 0, 1),
(93, 12, 3, 10, 111, 9439613, 'OSWALDO VERENZUELA', 1, 'B', 2, 0, 0, 0, 0, 0, 0, 0, 0, 1),
(94, 12, 3, 10, 85, 14664354, 'ARTURO ACACIO', 2, 'B', 2, 0, 0, 0, 0, 0, 0, 0, 1, 1),
(95, 12, 3, 10, 86, 9697772, 'NERIO APARICIO', 2, 'B', 0, 0, 0, 0, 0, 0, 0, 0, 0, 0),
(96, 12, 3, 10, 87, 11060497, 'LEWYS BLANCO', 2, 'B', 3, 0, 0, 0, 0, 0, 0, 0, 0, 1),
(97, 12, 3, 10, 88, 13769605, 'DANNY CISNERO', 2, 'B', 3, 1, 0, 1, 0, 1, 2, 0, 0, 1),
(98, 12, 3, 10, 89, 9694675, 'LEONARDO CORREIA', 2, 'B', 2, 0, 0, 0, 0, 0, 2, 0, 0, 1),
(99, 12, 3, 10, 90, 11496464, 'MIGUEL GUERRERO', 2, 'B', 0, 0, 0, 0, 0, 0, 0, 0, 0, 0),
(100, 12, 3, 10, 91, 9653000, 'JOHN JIMENEZ', 2, 'B', 2, 0, 0, 0, 0, 1, 0, 0, 0, 1),
(101, 12, 3, 10, 92, 11088864, 'SAUL LOYO', 2, 'B', 0, 0, 0, 0, 0, 0, 0, 0, 0, 0),
(102, 12, 3, 10, 93, 10458740, 'CRISPIN MACHADO', 2, 'B', 0, 0, 0, 0, 0, 0, 0, 0, 0, 0),
(103, 12, 3, 10, 94, 13133463, 'HERNAN MATINEZ', 2, 'B', 2, 0, 0, 0, 0, 0, 0, 2, 0, 1),
(104, 12, 3, 10, 95, 12927967, 'DUILIO NAVAS', 2, 'B', 2, 1, 0, 0, 0, 1, 1, 0, 1, 1),
(105, 12, 3, 10, 96, 11091148, 'EMERSON NIEVES', 2, 'B', 0, 0, 0, 0, 0, 0, 0, 0, 0, 0),
(106, 12, 3, 10, 97, 11591554, 'JUAN NIEVES', 2, 'B', 0, 0, 0, 0, 0, 0, 0, 0, 0, 0),
(107, 12, 3, 10, 98, 10755819, 'EVERTE NOGUERA', 2, 'B', 1, 0, 0, 0, 0, 0, 0, 0, 0, 1),
(108, 12, 3, 10, 99, 12146329, 'JACKSON ORTEGA', 2, 'B', 0, 0, 0, 0, 0, 0, 0, 0, 0, 0),
(109, 12, 3, 10, 100, 9654405, 'JAIRO PINILLA', 2, 'B', 0, 0, 0, 0, 0, 0, 0, 0, 0, 0),
(110, 12, 3, 10, 101, 7255478, 'ARCADIO RATTIA', 2, 'B', 0, 0, 0, 0, 0, 0, 0, 0, 0, 0),
(111, 12, 3, 10, 102, 9439945, 'JOSE RIOS', 2, 'B', 0, 0, 0, 0, 0, 0, 0, 0, 0, 0),
(112, 12, 3, 10, 103, 9439595, 'CESAR ROMERO', 2, 'B', 2, 0, 0, 0, 0, 0, 0, 0, 0, 1),
(113, 12, 3, 10, 104, 12335469, 'DOUGLAS SANCHEZ', 2, 'B', 3, 0, 0, 1, 1, 1, 1, 0, 0, 1),
(114, 12, 3, 10, 105, 11091326, 'CARLOS SILVA', 2, 'B', 0, 0, 0, 0, 0, 0, 0, 0, 0, 0),
(115, 12, 3, 10, 106, 11085830, 'ANGEL SOLER', 2, 'B', 0, 0, 0, 0, 0, 0, 0, 0, 0, 0),
(116, 12, 3, 10, 108, 9680367, 'MIKE TORRES', 2, 'B', 2, 0, 0, 0, 0, 0, 1, 0, 1, 1),
(117, 12, 3, 10, 109, 13426860, 'JESUS TOVAR', 2, 'B', 0, 0, 0, 0, 0, 0, 0, 0, 0, 0),
(118, 12, 3, 10, 110, 11088866, 'NELSON TOVAR', 2, 'B', 2, 1, 0, 0, 0, 2, 1, 0, 1, 1),
(119, 12, 3, 10, 111, 9439613, 'OSWALDO VERENZUELA', 2, 'B', 1, 0, 0, 0, 0, 0, 0, 0, 0, 1),
(120, 10, 3, 8, 58, 8737890, 'WLADIMIR CHALO', 1, 'B', 3, 2, 0, 0, 0, 0, 0, 0, 0, 1),
(121, 10, 3, 8, 59, 8744116, 'CARLOS HERNANDEZ', 1, 'B', 1, 0, 0, 0, 0, 0, 0, 0, 0, 1),
(122, 10, 3, 8, 60, 7254284, 'JOEL BRITO', 1, 'B', 0, 0, 0, 0, 0, 0, 0, 0, 0, 1),
(123, 10, 3, 8, 61, 8677611, 'HECTOR PEREZ', 1, 'B', 2, 0, 0, 0, 0, 0, 0, 0, 1, 1),
(124, 10, 3, 8, 62, 72545586, 'EFREN RODRIGUEZ', 1, 'B', 0, 0, 0, 0, 0, 0, 0, 0, 0, 1),
(125, 10, 3, 8, 63, 6303697, 'JOSE ROJAS', 1, 'B', 0, 0, 0, 0, 0, 0, 0, 0, 0, 1),
(126, 10, 3, 8, 64, 7269486, 'RUBEN ROJAS', 1, 'B', 0, 0, 0, 0, 0, 0, 0, 0, 0, 0),
(127, 10, 3, 8, 65, 11952966, 'LEONARDO ESCALONA', 1, 'B', 0, 0, 0, 0, 0, 0, 0, 0, 0, 0),
(128, 10, 3, 8, 66, 11055132, 'EDSON ROJAS', 1, 'B', 2, 2, 0, 0, 0, 1, 1, 0, 0, 1),
(129, 10, 3, 8, 67, 12728503, 'LENIN FERNANDEZ', 1, 'B', 2, 1, 0, 1, 0, 0, 1, 0, 0, 1),
(130, 10, 3, 8, 68, 12643909, 'ELIEZER TORRES', 1, 'B', 0, 0, 0, 0, 0, 0, 0, 0, 0, 0),
(131, 10, 3, 8, 69, 12573796, 'VICTOR ACACIO', 1, 'B', 0, 0, 0, 0, 0, 0, 0, 0, 0, 0),
(132, 10, 3, 8, 70, 13699347, 'ELVIS HERNANDEZ', 1, 'B', 1, 0, 0, 0, 0, 0, 0, 0, 0, 1),
(133, 10, 3, 8, 71, 13571900, 'GLEN RODRIGUEZ', 1, 'B', 3, 0, 0, 0, 0, 0, 0, 0, 0, 1),
(134, 10, 3, 8, 72, 13518163, 'LEONARDO MATINEZ', 1, 'B', 1, 1, 0, 0, 0, 1, 1, 0, 0, 1),
(135, 10, 3, 8, 73, 15818218, 'LUIS AULAR', 1, 'B', 1, 0, 0, 0, 0, 0, 0, 0, 0, 1),
(136, 10, 3, 8, 74, 14958431, 'ALEXANDER GALLARDO', 1, 'B', 0, 0, 0, 0, 0, 0, 0, 0, 0, 1),
(137, 10, 3, 8, 75, 15473439, 'ALVARO FARFAN', 1, 'B', 2, 0, 0, 0, 0, 0, 0, 1, 1, 1),
(138, 10, 3, 8, 76, 15364253, 'LUIS LOPEZ', 1, 'B', 0, 0, 0, 0, 0, 0, 0, 0, 0, 0),
(139, 10, 3, 8, 77, 15077079, 'BRIGMEL LABRADOR', 1, 'B', 2, 0, 0, 0, 0, 1, 0, 0, 0, 1),
(140, 10, 3, 8, 78, 15123236, 'AL GARCIA', 1, 'B', 1, 0, 0, 1, 0, 0, 1, 0, 0, 1),
(141, 10, 3, 8, 79, 15486208, 'NERIO RIVERO', 1, 'B', 3, 1, 0, 0, 0, 0, 0, 0, 0, 1),
(142, 10, 3, 8, 81, 16113286, 'SOCRATES PONCE', 1, 'B', 0, 0, 0, 0, 0, 0, 0, 0, 0, 0),
(143, 10, 3, 8, 82, 16131931, 'OMAR PEREZ', 1, 'B', 1, 0, 0, 0, 0, 0, 0, 0, 0, 1),
(144, 10, 3, 8, 83, 16764376, 'JOSE ZAMBRANO', 1, 'B', 0, 0, 0, 0, 0, 0, 0, 0, 0, 0),
(145, 10, 3, 8, 84, 17366113, 'DIEGO CARDENAS', 1, 'B', 2, 0, 0, 0, 0, 0, 0, 1, 0, 0),
(146, 10, 3, 8, 58, 8737890, 'WLADIMIR CHALO', 2, 'B', 1, 0, 0, 0, 0, 0, 0, 0, 1, 1),
(147, 10, 3, 8, 59, 8744116, 'CARLOS HERNANDEZ', 2, 'B', 1, 0, 0, 0, 0, 0, 0, 0, 0, 1),
(148, 10, 3, 8, 60, 7254284, 'JOEL BRITO', 2, 'B', 0, 0, 0, 0, 0, 0, 0, 0, 0, 0),
(149, 10, 3, 8, 61, 8677611, 'HECTOR PEREZ', 2, 'B', 0, 0, 0, 0, 0, 0, 0, 0, 0, 0),
(150, 10, 3, 8, 62, 72545586, 'EFREN RODRIGUEZ', 2, 'B', 1, 1, 0, 0, 0, 0, 0, 0, 0, 1),
(151, 10, 3, 8, 63, 6303697, 'JOSE ROJAS', 2, 'B', 0, 0, 0, 0, 0, 0, 0, 0, 0, 1),
(152, 10, 3, 8, 64, 7269486, 'RUBEN ROJAS', 2, 'B', 1, 1, 0, 0, 0, 1, 0, 0, 0, 1),
(153, 10, 3, 8, 65, 11952966, 'LEONARDO ESCALONA', 2, 'B', 2, 1, 0, 0, 0, 0, 0, 1, 0, 1),
(154, 10, 3, 8, 66, 11055132, 'EDSON ROJAS', 2, 'B', 3, 0, 0, 0, 0, 0, 0, 1, 0, 1),
(155, 10, 3, 8, 67, 12728503, 'LENIN FERNANDEZ', 2, 'B', 0, 0, 0, 0, 0, 0, 0, 0, 0, 0),
(156, 10, 3, 8, 68, 12643909, 'ELIEZER TORRES', 2, 'B', 0, 0, 0, 0, 0, 0, 0, 0, 0, 0),
(157, 10, 3, 8, 69, 12573796, 'VICTOR ACACIO', 2, 'B', 0, 0, 0, 0, 0, 0, 0, 0, 0, 0),
(158, 10, 3, 8, 70, 13699347, 'ELVIS HERNANDEZ', 2, 'B', 0, 0, 0, 0, 0, 0, 0, 0, 0, 0),
(159, 10, 3, 8, 71, 13571900, 'GLEN RODRIGUEZ', 2, 'B', 1, 0, 0, 0, 0, 0, 0, 0, 0, 1),
(160, 10, 3, 8, 72, 13518163, 'LEONARDO MATINEZ', 2, 'B', 0, 0, 0, 0, 0, 1, 0, 0, 0, 1),
(161, 10, 3, 8, 73, 15818218, 'LUIS AULAR', 2, 'B', 0, 0, 0, 0, 0, 0, 0, 0, 0, 0),
(162, 10, 3, 8, 74, 14958431, 'ALEXANDER GALLARDO', 2, 'B', 1, 0, 0, 0, 0, 0, 0, 0, 0, 1),
(163, 10, 3, 8, 75, 15473439, 'ALVARO FARFAN', 2, 'B', 1, 1, 0, 0, 0, 0, 0, 0, 0, 1),
(164, 10, 3, 8, 76, 15364253, 'LUIS LOPEZ', 2, 'B', 0, 0, 0, 0, 0, 0, 0, 0, 0, 0),
(165, 10, 3, 8, 77, 15077079, 'BRIGMEL LABRADOR', 2, 'B', 3, 0, 0, 0, 0, 0, 0, 0, 0, 1),
(166, 10, 3, 8, 78, 15123236, 'AL GARCIA', 2, 'B', 2, 0, 1, 0, 0, 1, 2, 0, 1, 1),
(167, 10, 3, 8, 79, 15486208, 'NERIO RIVERO', 2, 'B', 3, 2, 0, 0, 0, 0, 0, 0, 0, 1),
(168, 10, 3, 8, 81, 16113286, 'SOCRATES PONCE', 2, 'B', 0, 0, 0, 0, 0, 0, 0, 0, 0, 0),
(169, 10, 3, 8, 82, 16131931, 'OMAR PEREZ', 2, 'B', 1, 0, 0, 0, 0, 0, 0, 0, 0, 1),
(170, 10, 3, 8, 83, 16764376, 'JOSE ZAMBRANO', 2, 'B', 0, 0, 0, 0, 0, 0, 0, 0, 0, 0),
(171, 10, 3, 8, 84, 17366113, 'DIEGO CARDENAS', 2, 'B', 2, 1, 0, 0, 0, 0, 1, 0, 1, 1),
(172, 9, 3, 7, 133, 16851920, 'FRANKLIN RODRIGUEZ', 1, 'B', 3, 0, 0, 0, 0, 0, 0, 0, 0, 1),
(173, 9, 3, 7, 134, 16436410, 'RAUL GOMEZ', 1, 'B', 2, 1, 0, 0, 0, 0, 0, 0, 1, 1),
(174, 9, 3, 7, 135, 9809134, 'ALEXANDER GARCIA', 1, 'B', 3, 2, 0, 0, 0, 0, 0, 0, 0, 1),
(175, 9, 3, 7, 136, 12118541, 'JOSE AREVALO', 1, 'B', 0, 0, 0, 0, 0, 0, 0, 0, 0, 0),
(176, 9, 3, 7, 137, 11087851, 'WILSON GRAFF', 1, 'B', 1, 0, 0, 0, 0, 0, 0, 0, 0, 1),
(177, 9, 3, 7, 138, 8728615, 'VICENTE COLMENARES', 1, 'B', 0, 0, 0, 0, 0, 0, 0, 0, 0, 0),
(178, 9, 3, 7, 139, 16765346, 'PEDRO SOLORZANO', 1, 'B', 0, 0, 0, 0, 0, 0, 0, 0, 0, 0),
(179, 9, 3, 7, 140, 14970916, 'OVIOMAR VARGAS', 1, 'B', 0, 0, 0, 0, 0, 1, 0, 0, 0, 1),
(180, 9, 3, 7, 141, 10757776, 'DANIEL VIVAS', 1, 'B', 0, 0, 0, 0, 0, 1, 0, 0, 0, 1),
(181, 9, 3, 7, 142, 14109916, 'ELBER NARANJO', 1, 'B', 0, 0, 0, 0, 0, 0, 0, 0, 0, 0),
(182, 9, 3, 7, 143, 11844865, 'JULIO SANCHEZ', 1, 'B', 1, 0, 0, 0, 0, 0, 0, 0, 0, 1),
(183, 9, 3, 7, 144, 10755466, 'GIOVANI MENDEZ', 1, 'B', 1, 0, 0, 0, 0, 0, 0, 0, 0, 1),
(184, 9, 3, 7, 145, 12000947, 'FRANCISCO TOVAR', 1, 'B', 0, 0, 0, 0, 0, 0, 0, 0, 0, 0),
(185, 9, 3, 7, 146, 11976033, 'JUAN MIJARES', 1, 'B', 0, 0, 0, 0, 0, 0, 0, 0, 0, 0),
(186, 9, 3, 7, 147, 12117542, 'BERRO SILVA', 1, 'B', 1, 0, 0, 0, 0, 0, 0, 0, 1, 1),
(187, 9, 3, 7, 148, 12145449, 'BENARDO TOVAR', 1, 'B', 2, 0, 0, 0, 0, 0, 0, 1, 0, 1),
(188, 9, 3, 7, 149, 9677740, 'WILMER CABRERA', 1, 'B', 3, 0, 0, 1, 0, 0, 3, 0, 0, 0),
(189, 9, 3, 7, 150, 11091394, 'ELVIS BORROS', 1, 'B', 1, 0, 0, 0, 0, 0, 0, 0, 0, 1),
(190, 9, 3, 7, 151, 144786360, 'JESUS COLINA', 1, 'B', 0, 0, 0, 0, 0, 0, 0, 0, 0, 0),
(191, 9, 3, 7, 152, 12610857, 'GERMAN CAMACHO', 1, 'B', 1, 0, 0, 0, 0, 0, 0, 1, 0, 1),
(192, 9, 3, 7, 153, 11093511, 'JULIO VILLAMIZAR', 1, 'B', 2, 0, 0, 0, 0, 1, 0, 0, 0, 1),
(193, 9, 3, 7, 154, 14943322, 'DUGLAS CASTILLO', 1, 'B', 1, 0, 0, 0, 0, 0, 0, 0, 1, 1),
(194, 9, 3, 7, 155, 16236521, 'FELIX HERRERA', 1, 'B', 0, 0, 0, 0, 0, 0, 0, 0, 0, 0),
(195, 9, 3, 7, 156, 12640549, 'JUAN GUILLEN', 1, 'B', 0, 0, 0, 0, 0, 0, 0, 0, 0, 0),
(196, 9, 3, 7, 157, 15302214, 'SILFREDO GOMEZ', 1, 'B', 1, 0, 0, 0, 0, 1, 0, 0, 0, 0),
(197, 9, 3, 7, 158, 15302214, 'CARLOS REQUENA', 1, 'B', 0, 0, 0, 0, 0, 0, 0, 0, 0, 0),
(198, 9, 3, 7, 133, 16851920, 'FRANKLIN RODRIGUEZ', 2, 'B', 0, 0, 0, 0, 0, 0, 0, 0, 0, 0),
(199, 9, 3, 7, 134, 16436410, 'RAUL GOMEZ', 2, 'B', 3, 0, 0, 0, 1, 1, 0, 0, 1, 1),
(200, 9, 3, 7, 135, 9809134, 'ALEXANDER GARCIA', 2, 'B', 4, 2, 0, 0, 0, 0, 3, 0, 0, 1),
(201, 9, 3, 7, 136, 12118541, 'JOSE AREVALO', 2, 'B', 1, 0, 0, 0, 0, 0, 0, 1, 0, 1),
(202, 9, 3, 7, 137, 11087851, 'WILSON GRAFF', 2, 'B', 0, 0, 0, 0, 0, 0, 0, 0, 0, 0),
(203, 9, 3, 7, 138, 8728615, 'VICENTE COLMENARES', 2, 'B', 0, 0, 0, 0, 0, 0, 0, 0, 0, 0),
(204, 9, 3, 7, 139, 16765346, 'PEDRO SOLORZANO', 2, 'B', 0, 0, 0, 0, 0, 0, 0, 0, 0, 0),
(205, 9, 3, 7, 140, 14970916, 'OVIOMAR VARGAS', 2, 'B', 0, 0, 0, 0, 0, 0, 0, 0, 0, 0),
(206, 9, 3, 7, 141, 10757776, 'DANIEL VIVAS', 2, 'B', 0, 0, 0, 0, 0, 0, 0, 0, 0, 0),
(207, 9, 3, 7, 142, 14109916, 'ELBER NARANJO', 2, 'B', 0, 0, 0, 0, 0, 0, 0, 0, 0, 0),
(208, 9, 3, 7, 143, 11844865, 'JULIO SANCHEZ', 2, 'B', 3, 2, 0, 0, 0, 2, 0, 0, 0, 1),
(209, 9, 3, 7, 144, 10755466, 'GIOVANI MENDEZ', 2, 'B', 3, 2, 0, 0, 0, 1, 1, 0, 0, 1),
(210, 9, 3, 7, 145, 12000947, 'FRANCISCO TOVAR', 2, 'B', 0, 0, 0, 0, 0, 0, 0, 0, 0, 0),
(211, 9, 3, 7, 146, 11976033, 'JUAN MIJARES', 2, 'B', 0, 0, 0, 0, 0, 0, 0, 0, 0, 0),
(212, 9, 3, 7, 147, 12117542, 'BERRO SILVA', 2, 'B', 0, 0, 0, 0, 0, 0, 0, 0, 0, 0),
(213, 9, 3, 7, 148, 12145449, 'BENARDO TOVAR', 2, 'B', 2, 1, 0, 0, 0, 0, 0, 0, 0, 1),
(214, 9, 3, 7, 149, 9677740, 'WILMER CABRERA', 2, 'B', 3, 0, 0, 0, 0, 1, 0, 0, 1, 1),
(215, 9, 3, 7, 150, 11091394, 'ELVIS BORROS', 2, 'B', 0, 0, 0, 0, 0, 0, 0, 0, 0, 0),
(216, 9, 3, 7, 151, 144786360, 'JESUS COLINA', 2, 'B', 0, 0, 0, 0, 0, 0, 0, 0, 0, 0),
(217, 9, 3, 7, 152, 12610857, 'GERMAN CAMACHO', 2, 'B', 0, 0, 0, 0, 0, 0, 0, 0, 0, 0),
(218, 9, 3, 7, 153, 11093511, 'JULIO VILLAMIZAR', 2, 'B', 3, 0, 0, 1, 0, 1, 1, 0, 0, 1),
(219, 9, 3, 7, 154, 14943322, 'DUGLAS CASTILLO', 2, 'B', 3, 3, 0, 0, 0, 1, 1, 0, 0, 1),
(220, 9, 3, 7, 155, 16236521, 'FELIX HERRERA', 2, 'B', 4, 0, 0, 0, 0, 0, 0, 1, 0, 1),
(221, 9, 3, 7, 156, 12640549, 'JUAN GUILLEN', 2, 'B', 0, 0, 0, 0, 0, 0, 0, 0, 0, 0),
(222, 9, 3, 7, 157, 15302214, 'SILFREDO GOMEZ', 2, 'B', 4, 1, 0, 0, 1, 1, 1, 0, 0, 1),
(223, 9, 3, 7, 158, 15302214, 'CARLOS REQUENA', 2, 'B', 0, 0, 0, 0, 0, 0, 0, 0, 0, 0),
(224, 7, 3, 6, 29, 10759764, 'RUBEN SANTAMARIA', 1, 'B', 4, 1, 0, 0, 0, 0, 0, 0, 0, 1),
(225, 7, 3, 6, 30, 7221942, 'VICTOR RAMIREZ', 1, 'B', 2, 0, 0, 0, 0, 0, 0, 1, 1, 1),
(226, 7, 3, 6, 31, 9675541, 'ROBERTO LATULF', 1, 'B', 0, 0, 0, 0, 0, 0, 0, 0, 0, 0),
(227, 7, 3, 6, 32, 14492217, 'RAFAEL BORGUES', 1, 'B', 0, 0, 0, 0, 0, 0, 0, 0, 0, 0),
(228, 7, 3, 6, 33, 14741990, 'JOGUYS NAVARRO', 1, 'B', 0, 0, 0, 0, 0, 0, 0, 0, 0, 0),
(229, 7, 3, 6, 34, 9673758, 'DANNY CARVETTI', 1, 'B', 0, 0, 0, 0, 0, 0, 0, 0, 0, 0),
(230, 7, 3, 6, 35, 13201885, 'ALIRIO NUÑEZ', 1, 'B', 3, 0, 1, 0, 0, 1, 1, 0, 0, 1),
(231, 7, 3, 6, 36, 7265878, 'JHONNY BLANCO', 1, 'B', 0, 0, 0, 0, 0, 0, 0, 0, 0, 0),
(232, 7, 3, 6, 37, 14430679, 'ROGER RODRIGUEZ', 1, 'B', 0, 0, 0, 0, 0, 0, 0, 0, 0, 0),
(233, 7, 3, 6, 38, 12609540, 'WILLIANS SOJO', 1, 'B', 0, 0, 0, 0, 0, 0, 0, 0, 0, 0),
(234, 7, 3, 6, 39, 13199373, 'HERMES FLORES', 1, 'B', 3, 0, 0, 1, 0, 0, 0, 1, 0, 1),
(235, 7, 3, 6, 40, 14491156, 'IRWIN CENTENO', 1, 'B', 2, 1, 0, 0, 0, 0, 0, 0, 1, 1),
(236, 7, 3, 6, 41, 7248792, 'TRINO GUERRA', 1, 'B', 0, 0, 0, 0, 0, 0, 0, 0, 0, 0),
(237, 7, 3, 6, 42, 10157676, 'MARTIN MENDOZA', 1, 'B', 0, 0, 0, 0, 0, 0, 0, 0, 0, 0),
(238, 7, 3, 6, 43, 7274224, 'JORGE LOPEZ', 1, 'B', 0, 0, 0, 0, 0, 0, 0, 0, 0, 0),
(239, 7, 3, 6, 44, 15532939, 'ADRIAN FIGUEREDO', 1, 'B', 3, 0, 0, 0, 0, 0, 0, 0, 0, 1),
(240, 7, 3, 6, 45, 9668617, 'GREGORIO LOPEZ', 1, 'B', 3, 2, 0, 0, 0, 0, 0, 0, 0, 1),
(241, 7, 3, 6, 46, 12167241, 'WOLFRANDO TORRES', 1, 'B', 0, 0, 0, 0, 0, 0, 0, 0, 0, 0),
(242, 7, 3, 6, 47, 9680323, 'RAFAEL FERNANDEZ', 1, 'B', 0, 0, 0, 0, 0, 0, 0, 0, 0, 0),
(243, 7, 3, 6, 48, 9644489, 'JANICCIO MORONTA', 1, 'B', 3, 0, 0, 0, 0, 0, 0, 0, 0, 1),
(244, 7, 3, 6, 49, 11115644, 'DAVID CONTRERAS', 1, 'B', 2, 0, 0, 0, 0, 0, 0, 0, 0, 1),
(245, 7, 3, 6, 50, 9693651, 'RICHARD ROJAS', 1, 'B', 0, 0, 0, 0, 0, 0, 0, 0, 0, 0),
(246, 7, 3, 6, 29, 10759764, 'RUBEN SANTAMARIA', 2, 'B', 3, 0, 0, 0, 1, 1, 3, 1, 0, 1),
(247, 7, 3, 6, 30, 7221942, 'VICTOR RAMIREZ', 2, 'B', 3, 0, 0, 0, 0, 1, 0, 1, 2, 0),
(248, 7, 3, 6, 31, 9675541, 'ROBERTO LATULF', 2, 'B', 3, 0, 1, 0, 0, 1, 1, 0, 1, 1),
(249, 7, 3, 6, 32, 14492217, 'RAFAEL BORGUES', 2, 'B', 0, 0, 0, 0, 0, 0, 0, 0, 0, 0),
(250, 7, 3, 6, 33, 14741990, 'JOGUYS NAVARRO', 2, 'B', 4, 1, 1, 0, 0, 1, 3, 0, 0, 1),
(251, 7, 3, 6, 34, 9673758, 'DANNY CARVETTI', 2, 'B', 0, 0, 0, 0, 0, 0, 0, 0, 0, 0),
(252, 7, 3, 6, 35, 13201885, 'ALIRIO NUÑEZ', 2, 'B', 0, 0, 0, 0, 0, 0, 0, 0, 0, 0),
(253, 7, 3, 6, 36, 7265878, 'JHONNY BLANCO', 2, 'B', 0, 0, 0, 0, 0, 0, 0, 0, 0, 0),
(254, 7, 3, 6, 37, 14430679, 'ROGER RODRIGUEZ', 2, 'B', 4, 0, 0, 0, 0, 0, 0, 0, 0, 1),
(255, 7, 3, 6, 38, 12609540, 'WILLIANS SOJO', 2, 'B', 0, 0, 0, 0, 0, 0, 0, 0, 0, 0),
(256, 7, 3, 6, 39, 13199373, 'HERMES FLORES', 2, 'B', 4, 2, 1, 0, 0, 2, 1, 0, 0, 1),
(257, 7, 3, 6, 40, 14491156, 'IRWIN CENTENO', 2, 'B', 4, 2, 1, 0, 0, 1, 1, 0, 0, 1),
(258, 7, 3, 6, 41, 7248792, 'TRINO GUERRA', 2, 'B', 0, 0, 0, 0, 0, 0, 0, 0, 0, 0),
(259, 7, 3, 6, 42, 10157676, 'MARTIN MENDOZA', 2, 'B', 0, 0, 0, 0, 0, 0, 0, 0, 0, 0),
(260, 7, 3, 6, 43, 7274224, 'JORGE LOPEZ', 2, 'B', 0, 0, 0, 0, 0, 0, 0, 0, 0, 0),
(261, 7, 3, 6, 44, 15532939, 'ADRIAN FIGUEREDO', 2, 'B', 0, 0, 0, 0, 0, 0, 0, 0, 0, 0),
(262, 7, 3, 6, 45, 9668617, 'GREGORIO LOPEZ', 2, 'B', 4, 1, 0, 0, 0, 1, 0, 1, 0, 1),
(263, 7, 3, 6, 46, 12167241, 'WOLFRANDO TORRES', 2, 'B', 3, 1, 1, 0, 0, 2, 1, 0, 1, 1),
(264, 7, 3, 6, 47, 9680323, 'RAFAEL FERNANDEZ', 2, 'B', 0, 0, 0, 0, 0, 0, 0, 0, 0, 0),
(265, 7, 3, 6, 48, 9644489, 'JANICCIO MORONTA', 2, 'B', 0, 0, 0, 0, 0, 0, 0, 0, 0, 0),
(266, 7, 3, 6, 49, 11115644, 'DAVID CONTRERAS', 2, 'B', 0, 0, 0, 0, 0, 0, 0, 0, 0, 0),
(267, 7, 3, 6, 50, 9693651, 'RICHARD ROJAS', 2, 'B', 0, 0, 0, 0, 0, 0, 0, 0, 0, 0),
(268, 11, 3, 9, 159, 6175223, 'JOSE VELIZ', 1, 'B', 2, 0, 0, 0, 0, 0, 0, 0, 1, 1),
(269, 11, 3, 9, 160, 14478636, 'DARIO COLINA', 1, 'B', 0, 0, 0, 0, 0, 0, 0, 0, 0, 0),
(270, 11, 3, 9, 161, 9654897, 'EUGENIO CHIPRE', 1, 'B', 2, 0, 0, 0, 0, 0, 0, 1, 0, 0),
(271, 11, 3, 9, 162, 12103155, 'ASDRUBAL BRAVO', 1, 'B', 0, 0, 0, 0, 0, 0, 0, 0, 0, 0),
(272, 11, 3, 9, 163, 7190189, 'CARLOS ESPINOZA', 1, 'B', 0, 0, 0, 0, 0, 0, 0, 0, 0, 1),
(273, 11, 3, 9, 164, 15532706, 'JOSE LOPEZ', 1, 'B', 0, 0, 0, 0, 0, 0, 0, 0, 0, 0),
(274, 11, 3, 9, 165, 15865709, 'GUSTAVO ROSAS', 1, 'B', 2, 1, 0, 0, 0, 1, 0, 1, 0, 1),
(275, 11, 3, 9, 166, 7236986, 'REINEIRO LATUFF', 1, 'B', 0, 0, 0, 0, 0, 0, 0, 0, 0, 0),
(276, 11, 3, 9, 167, 9697959, 'JOSE GALLARDO', 1, 'B', 0, 0, 0, 0, 0, 0, 0, 0, 0, 1),
(277, 11, 3, 9, 168, 15610682, 'EDWIN GUZMAN', 1, 'B', 0, 0, 0, 0, 0, 0, 0, 0, 0, 0),
(278, 11, 3, 9, 169, 15077011, 'DANIEL RODRIGUEZ', 1, 'B', 2, 0, 0, 0, 0, 0, 0, 1, 0, 1),
(279, 11, 3, 9, 170, 14230426, 'JOHAN SUAREZ', 1, 'B', 3, 0, 0, 0, 1, 1, 0, 0, 0, 1),
(280, 11, 3, 9, 171, 14355887, 'MARIO SUMOZA', 1, 'B', 3, 1, 0, 0, 0, 0, 0, 0, 0, 1),
(281, 11, 3, 9, 172, 16291878, 'ARMANDO ROMERO', 1, 'B', 3, 0, 0, 1, 0, 0, 1, 1, 0, 1),
(282, 11, 3, 9, 173, 14872733, 'RAFAEL BASTOS', 1, 'B', 2, 1, 0, 0, 0, 1, 0, 0, 1, 1),
(283, 11, 3, 9, 174, 2903498, 'FREDDY JURADO', 1, 'B', 0, 0, 0, 0, 0, 0, 0, 0, 0, 1),
(284, 11, 3, 9, 175, 7250733, 'JOSE ORTEGA', 1, 'B', 1, 0, 0, 0, 0, 0, 0, 0, 0, 1),
(285, 11, 3, 9, 176, 7274297, 'FRANCHE COPPOLA', 1, 'B', 1, 0, 0, 0, 0, 0, 0, 0, 0, 1),
(286, 11, 3, 9, 177, 9523666, 'JOGLYS RODRIGUEZ', 1, 'B', 2, 1, 0, 0, 0, 0, 0, 0, 0, 1),
(287, 11, 3, 9, 178, 12877243, 'FRANK GONZALEZ', 1, 'B', 0, 0, 0, 0, 0, 0, 0, 0, 0, 0),
(288, 11, 3, 9, 179, 6827019, 'JOSE GUERRA', 1, 'B', 0, 0, 0, 0, 0, 0, 0, 0, 0, 1),
(289, 11, 3, 9, 180, 12565067, 'ANTONIO ROSAS', 1, 'B', 0, 0, 0, 0, 0, 0, 0, 0, 0, 0),
(290, 11, 3, 9, 181, 12137862, 'JOSE OSORIO', 1, 'B', 2, 0, 0, 0, 0, 1, 0, 0, 1, 1),
(291, 11, 3, 9, 183, 9697407, 'ARNALDO MANRIQUE', 1, 'B', 2, 2, 0, 0, 0, 0, 1, 0, 0, 1),
(292, 11, 3, 9, 184, 7245014, 'BAUDILIO SILVA', 1, 'B', 0, 0, 0, 0, 0, 0, 0, 0, 0, 0),
(293, 11, 3, 9, 185, 11093831, 'FRANCISCO FIGUERA', 1, 'B', 1, 0, 0, 0, 0, 0, 0, 1, 0, 1),
(294, 8, 3, 5, 5, 7258749, 'VALENTIN RODRIGUEZ', 1, 'B', 0, 0, 0, 0, 0, 0, 0, 0, 0, 0),
(295, 8, 3, 5, 6, 11088931, 'VICTOR GARCIA', 1, 'B', 3, 0, 0, 0, 0, 0, 0, 0, 0, 1),
(296, 8, 3, 5, 7, 9507445, 'AUDORO RODRIGUEZ', 1, 'B', 3, 0, 0, 0, 0, 0, 0, 1, 0, 1),
(297, 8, 3, 5, 8, 13198163, 'OMAR ORTEGA', 1, 'B', 2, 1, 0, 1, 0, 0, 0, 0, 0, 1),
(298, 8, 3, 5, 9, 11986071, 'VICTOR LOPEZ', 1, 'B', 0, 0, 0, 0, 0, 0, 0, 0, 0, 0),
(299, 8, 3, 5, 10, 1076656510, 'JAIME TORRE', 1, 'B', 0, 0, 0, 0, 0, 0, 0, 0, 0, 0),
(300, 8, 3, 5, 11, 12855456, 'ROLANDO CASTILLO', 1, 'B', 0, 0, 0, 0, 0, 0, 0, 0, 0, 0),
(301, 8, 3, 5, 12, 10752631, 'VICTOR ORAMAS', 1, 'B', 0, 0, 0, 0, 0, 0, 0, 0, 0, 0),
(302, 8, 3, 5, 13, 10457594, 'JOSE GUEVARA', 1, 'B', 2, 0, 0, 0, 0, 0, 0, 2, 0, 1),
(303, 8, 3, 5, 16, 9693994, 'JOSE MARCHAN', 1, 'B', 2, 0, 0, 0, 0, 0, 0, 0, 0, 1),
(304, 8, 3, 5, 17, 11357055, 'JUAN MENDEZ', 1, 'B', 0, 0, 0, 0, 0, 0, 0, 0, 0, 0),
(305, 8, 3, 5, 18, 9643300, 'ROBERTO OJEDA', 1, 'B', 3, 0, 0, 0, 0, 0, 0, 0, 0, 1),
(306, 8, 3, 5, 19, 10752036, 'LUIS GONZALEZ', 1, 'B', 2, 0, 0, 0, 0, 0, 0, 1, 1, 1),
(307, 8, 3, 5, 21, 12568821, 'RENE PINTO', 1, 'B', 0, 0, 0, 0, 0, 0, 0, 0, 0, 0),
(308, 8, 3, 5, 22, 11356851, 'DAVID BERMUDEZ', 1, 'B', 3, 0, 0, 0, 0, 0, 0, 0, 0, 1),
(309, 8, 3, 5, 24, 12565551, 'HECTOR ALVARADO', 1, 'B', 2, 1, 0, 0, 0, 0, 0, 0, 0, 1),
(310, 8, 3, 5, 25, 11088913, 'ISMELDO DIAZ', 1, 'B', 3, 1, 0, 0, 0, 0, 0, 0, 0, 1),
(311, 8, 3, 5, 26, 11184288, 'ANDRY MENDEZ', 1, 'B', 0, 0, 0, 0, 0, 0, 0, 0, 0, 0),
(312, 8, 3, 5, 28, 9680323, 'FERNANDEZ RAFAEL', 1, 'B', 0, 0, 0, 0, 0, 0, 0, 0, 0, 0),
(313, 8, 3, 5, 51, 12341037, 'DOMINGO TORRES', 1, 'B', 0, 0, 0, 0, 0, 0, 0, 0, 0, 0),
(314, 8, 3, 5, 52, 11085979, 'JUAN  PEREZ', 1, 'B', 0, 0, 0, 0, 0, 0, 0, 0, 0, 0),
(315, 8, 3, 5, 53, 10750199, 'VICTOR HERNANDEZ', 1, 'B', 0, 0, 0, 0, 0, 0, 0, 0, 0, 0),
(316, 8, 3, 5, 54, 13907488, 'LANNY HERNANDEZ', 1, 'B', 0, 0, 0, 0, 0, 0, 0, 0, 0, 0),
(317, 8, 3, 5, 55, 12452451, 'ENDER ANTUNEZ', 1, 'B', 0, 0, 0, 0, 0, 0, 0, 0, 0, 0),
(318, 8, 3, 5, 56, 14319145, 'GABRIEL LIRA', 1, 'B', 0, 0, 0, 0, 0, 0, 0, 0, 0, 0),
(319, 9, 3, 7, 133, 16851920, 'FRANKLIN RODRIGUEZ', 3, 'B', 0, 0, 0, 0, 0, 0, 0, 0, 0, 0),
(320, 9, 3, 7, 134, 16436410, 'RAUL GOMEZ', 3, 'B', 0, 0, 0, 0, 0, 0, 0, 0, 0, 0),
(321, 9, 3, 7, 135, 9809134, 'ALEXANDER GARCIA', 3, 'B', 0, 0, 0, 0, 0, 0, 0, 0, 0, 0),
(322, 9, 3, 7, 136, 12118541, 'JOSE AREVALO', 3, 'B', 0, 0, 0, 0, 0, 0, 0, 0, 0, 0),
(323, 9, 3, 7, 137, 11087851, 'WILSON GRAFF', 3, 'B', 0, 0, 0, 0, 0, 0, 0, 0, 0, 0),
(324, 9, 3, 7, 138, 8728615, 'VICENTE COLMENARES', 3, 'B', 0, 0, 0, 0, 0, 0, 0, 0, 0, 0),
(325, 9, 3, 7, 139, 16765346, 'PEDRO SOLORZANO', 3, 'B', 0, 0, 0, 0, 0, 0, 0, 0, 0, 0),
(326, 9, 3, 7, 140, 14970916, 'OVIOMAR VARGAS', 3, 'B', 0, 0, 0, 0, 0, 0, 0, 0, 0, 0),
(327, 9, 3, 7, 141, 10757776, 'DANIEL VIVAS', 3, 'B', 0, 0, 0, 0, 0, 0, 0, 0, 0, 0),
(328, 9, 3, 7, 142, 14109916, 'ELBER NARANJO', 3, 'B', 0, 0, 0, 0, 0, 0, 0, 0, 0, 0),
(329, 9, 3, 7, 143, 11844865, 'JULIO SANCHEZ', 3, 'B', 0, 0, 0, 0, 0, 0, 0, 0, 0, 0),
(330, 9, 3, 7, 144, 10755466, 'GIOVANI MENDEZ', 3, 'B', 0, 0, 0, 0, 0, 0, 0, 0, 0, 0),
(331, 9, 3, 7, 145, 12000947, 'FRANCISCO TOVAR', 3, 'B', 0, 0, 0, 0, 0, 0, 0, 0, 0, 0),
(332, 9, 3, 7, 146, 11976033, 'JUAN MIJARES', 3, 'B', 0, 0, 0, 0, 0, 0, 0, 0, 0, 0),
(333, 9, 3, 7, 147, 12117542, 'BERRO SILVA', 3, 'B', 0, 0, 0, 0, 0, 0, 0, 0, 0, 0),
(334, 9, 3, 7, 148, 12145449, 'BENARDO TOVAR', 3, 'B', 0, 0, 0, 0, 0, 0, 0, 0, 0, 0),
(335, 9, 3, 7, 149, 9677740, 'WILMER CABRERA', 3, 'B', 0, 0, 0, 0, 0, 0, 0, 0, 0, 0),
(336, 9, 3, 7, 150, 11091394, 'ELVIS BORROS', 3, 'B', 0, 0, 0, 0, 0, 0, 0, 0, 0, 0),
(337, 9, 3, 7, 151, 144786360, 'JESUS COLINA', 3, 'B', 0, 0, 0, 0, 0, 0, 0, 0, 0, 0),
(338, 9, 3, 7, 152, 12610857, 'GERMAN CAMACHO', 3, 'B', 0, 0, 0, 0, 0, 0, 0, 0, 0, 0),
(339, 9, 3, 7, 153, 11093511, 'JULIO VILLAMIZAR', 3, 'B', 0, 0, 0, 0, 0, 0, 0, 0, 0, 0),
(340, 9, 3, 7, 154, 14943322, 'DUGLAS CASTILLO', 3, 'B', 0, 0, 0, 0, 0, 0, 0, 0, 0, 0),
(341, 9, 3, 7, 155, 16236521, 'FELIX HERRERA', 3, 'B', 0, 0, 0, 0, 0, 0, 0, 0, 0, 0),
(342, 9, 3, 7, 156, 12640549, 'JUAN GUILLEN', 3, 'B', 0, 0, 0, 0, 0, 0, 0, 0, 0, 0),
(343, 9, 3, 7, 157, 15302214, 'SILFREDO GOMEZ', 3, 'B', 0, 0, 0, 0, 0, 0, 0, 0, 0, 0),
(344, 9, 3, 7, 158, 15302214, 'CARLOS REQUENA', 3, 'B', 0, 0, 0, 0, 0, 0, 0, 0, 0, 0),
(345, 12, 3, 10, 85, 14664354, 'ARTURO ACACIO', 3, 'B', 0, 0, 0, 0, 0, 0, 0, 0, 0, 0),
(346, 12, 3, 10, 86, 9697772, 'NERIO APARICIO', 3, 'B', 0, 0, 0, 0, 0, 0, 0, 0, 0, 0),
(347, 12, 3, 10, 87, 11060497, 'LEWYS BLANCO', 3, 'B', 0, 0, 0, 0, 0, 0, 0, 0, 0, 0),
(348, 12, 3, 10, 88, 13769605, 'DANNY CISNERO', 3, 'B', 0, 0, 0, 0, 0, 0, 0, 0, 0, 0),
(349, 12, 3, 10, 89, 9694675, 'LEONARDO CORREIA', 3, 'B', 0, 0, 0, 0, 0, 0, 0, 0, 0, 0),
(350, 12, 3, 10, 90, 11496464, 'MIGUEL GUERRERO', 3, 'B', 0, 0, 0, 0, 0, 0, 0, 0, 0, 0),
(351, 12, 3, 10, 91, 9653000, 'JOHN JIMENEZ', 3, 'B', 0, 0, 0, 0, 0, 0, 0, 0, 0, 0),
(352, 12, 3, 10, 92, 11088864, 'SAUL LOYO', 3, 'B', 0, 0, 0, 0, 0, 0, 0, 0, 0, 0),
(353, 12, 3, 10, 93, 10458740, 'CRISPIN MACHADO', 3, 'B', 0, 0, 0, 0, 0, 0, 0, 0, 0, 0),
(354, 12, 3, 10, 94, 13133463, 'HERNAN MATINEZ', 3, 'B', 0, 0, 0, 0, 0, 0, 0, 0, 0, 0),
(355, 12, 3, 10, 95, 12927967, 'DUILIO NAVAS', 3, 'B', 0, 0, 0, 0, 0, 0, 0, 0, 0, 0),
(356, 12, 3, 10, 96, 11091148, 'EMERSON NIEVES', 3, 'B', 0, 0, 0, 0, 0, 0, 0, 0, 0, 0),
(357, 12, 3, 10, 97, 11591554, 'JUAN NIEVES', 3, 'B', 0, 0, 0, 0, 0, 0, 0, 0, 0, 0),
(358, 12, 3, 10, 98, 10755819, 'EVERTE NOGUERA', 3, 'B', 0, 0, 0, 0, 0, 0, 0, 0, 0, 0),
(359, 12, 3, 10, 99, 12146329, 'JACKSON ORTEGA', 3, 'B', 0, 0, 0, 0, 0, 0, 0, 0, 0, 0),
(360, 12, 3, 10, 100, 9654405, 'JAIRO PINILLA', 3, 'B', 0, 0, 0, 0, 0, 0, 0, 0, 0, 0),
(361, 12, 3, 10, 101, 7255478, 'ARCADIO RATTIA', 3, 'B', 0, 0, 0, 0, 0, 0, 0, 0, 0, 0),
(362, 12, 3, 10, 102, 9439945, 'JOSE RIOS', 3, 'B', 0, 0, 0, 0, 0, 0, 0, 0, 0, 0),
(363, 12, 3, 10, 103, 9439595, 'CESAR ROMERO', 3, 'B', 0, 0, 0, 0, 0, 0, 0, 0, 0, 0),
(364, 12, 3, 10, 104, 12335469, 'DOUGLAS SANCHEZ', 3, 'B', 0, 0, 0, 0, 0, 0, 0, 0, 0, 0),
(365, 12, 3, 10, 105, 11091326, 'CARLOS SILVA', 3, 'B', 0, 0, 0, 0, 0, 0, 0, 0, 0, 0),
(366, 12, 3, 10, 106, 11085830, 'ANGEL SOLER', 3, 'B', 0, 0, 0, 0, 0, 0, 0, 0, 0, 0),
(367, 12, 3, 10, 108, 9680367, 'MIKE TORRES', 3, 'B', 0, 0, 0, 0, 0, 0, 0, 0, 0, 0),
(368, 12, 3, 10, 109, 13426860, 'JESUS TOVAR', 3, 'B', 0, 0, 0, 0, 0, 0, 0, 0, 0, 0),
(369, 12, 3, 10, 110, 11088866, 'NELSON TOVAR', 3, 'B', 0, 0, 0, 0, 0, 0, 0, 0, 0, 0),
(370, 12, 3, 10, 111, 9439613, 'OSWALDO VERENZUELA', 3, 'B', 0, 0, 0, 0, 0, 0, 0, 0, 0, 0),
(371, 13, 4, 12, 186, 4305940, 'ALEXIS GONZALEZ', 1, 'C', 0, 0, 0, 0, 0, 0, 0, 0, 0, 0),
(372, 13, 4, 12, 187, 9645519, 'EMILIO CONDE', 1, 'C', 0, 0, 0, 0, 0, 0, 0, 0, 0, 0),
(373, 13, 4, 12, 188, 6315372, 'RUSMEL CAMARIPANO', 1, 'C', 0, 0, 0, 0, 0, 0, 0, 0, 0, 0),
(374, 13, 4, 12, 189, 7181992, 'ISRAEL MENDEZ', 1, 'C', 0, 0, 0, 0, 0, 0, 0, 0, 0, 0),
(375, 13, 4, 12, 190, 3291020, 'PEDRO ECHENIQUE', 1, 'C', 0, 0, 0, 0, 0, 0, 0, 0, 0, 0),
(376, 13, 4, 12, 191, 10616621, 'JOEL GARCIA', 1, 'C', 0, 0, 0, 0, 0, 0, 0, 0, 0, 0),
(377, 13, 4, 12, 192, 9994397, 'GIOVANI MENDEZ', 1, 'C', 0, 0, 0, 0, 0, 0, 0, 0, 0, 0),
(378, 13, 4, 12, 193, 8728615, 'VICENTE COLMENARES', 1, 'C', 0, 0, 0, 0, 0, 0, 0, 0, 0, 0),
(379, 13, 4, 12, 194, 9666483, 'JOSE CABEZAS', 1, 'C', 0, 0, 0, 0, 0, 0, 0, 0, 0, 0),
(380, 13, 4, 12, 195, 10268601, 'HENRY CASTRO', 1, 'C', 0, 0, 0, 0, 0, 0, 0, 0, 0, 0),
(381, 13, 4, 12, 196, 9435688, 'FRANKLIN RODRIGUEZ', 1, 'C', 0, 0, 0, 0, 0, 0, 0, 0, 0, 0),
(382, 13, 4, 12, 197, 4399505, 'GENARO RIOS', 1, 'C', 0, 0, 0, 0, 0, 0, 0, 0, 0, 0),
(383, 13, 4, 12, 198, 7249586, 'NESTOR SILVA', 1, 'C', 0, 0, 0, 0, 0, 0, 0, 0, 0, 0),
(384, 13, 4, 12, 199, 9439870, 'JOSE G PEREZ', 1, 'C', 0, 0, 0, 0, 0, 0, 0, 0, 0, 0),
(385, 13, 4, 12, 200, 9431695, 'FAUSTINO AMADOR', 1, 'C', 0, 0, 0, 0, 0, 0, 0, 0, 0, 0),
(386, 13, 4, 12, 201, 9671575, 'JOSE MORALES', 1, 'C', 0, 0, 0, 0, 0, 0, 0, 0, 0, 0),
(387, 13, 4, 12, 202, 9659955, 'JUAN MIJARES', 1, 'C', 0, 0, 0, 0, 0, 0, 0, 0, 0, 0),
(388, 13, 4, 12, 203, 8852436, 'DIOGENES RODRIGUEZ', 1, 'C', 0, 0, 0, 0, 0, 0, 0, 0, 0, 0),
(389, 13, 4, 12, 204, 9435476, 'YORMAN CARMONA', 1, 'C', 0, 0, 0, 0, 0, 0, 0, 0, 0, 0),
(390, 13, 4, 12, 205, 8146462, 'JESUS GUTIERREZ', 1, 'C', 0, 0, 0, 0, 0, 0, 0, 0, 0, 0),
(391, 13, 4, 12, 206, 4567942, 'NELSON ROMERO', 1, 'C', 0, 0, 0, 0, 0, 0, 0, 0, 0, 0),
(392, 13, 4, 12, 207, 7227962, 'CARLOS MENDOZA', 1, 'C', 0, 0, 0, 0, 0, 0, 0, 0, 0, 0),
(393, 13, 4, 12, 208, 8738099, 'JOSE PEREZ', 1, 'C', 0, 0, 0, 0, 0, 0, 0, 0, 0, 0),
(394, 13, 4, 12, 209, 8152329, 'ORLANDO TOVAR', 1, 'C', 0, 0, 0, 0, 0, 0, 0, 0, 0, 0),
(395, 13, 4, 12, 186, 4305940, 'ALEXIS GONZALEZ', 2, 'C', 0, 0, 0, 0, 0, 0, 0, 0, 0, 0),
(396, 13, 4, 12, 187, 9645519, 'EMILIO CONDE', 2, 'C', 0, 0, 0, 0, 0, 0, 0, 0, 0, 0),
(397, 13, 4, 12, 188, 6315372, 'RUSMEL CAMARIPANO', 2, 'C', 0, 0, 0, 0, 0, 0, 0, 0, 0, 0),
(398, 13, 4, 12, 189, 7181992, 'ISRAEL MENDEZ', 2, 'C', 0, 0, 0, 0, 0, 0, 0, 0, 0, 0),
(399, 13, 4, 12, 190, 3291020, 'PEDRO ECHENIQUE', 2, 'C', 0, 0, 0, 0, 0, 0, 0, 0, 0, 0),
(400, 13, 4, 12, 191, 10616621, 'JOEL GARCIA', 2, 'C', 0, 0, 0, 0, 0, 0, 0, 0, 0, 0),
(401, 13, 4, 12, 192, 9994397, 'GIOVANI MENDEZ', 2, 'C', 0, 0, 0, 0, 0, 0, 0, 0, 0, 0),
(402, 13, 4, 12, 193, 8728615, 'VICENTE COLMENARES', 2, 'C', 0, 0, 0, 0, 0, 0, 0, 0, 0, 0),
(403, 13, 4, 12, 194, 9666483, 'JOSE CABEZAS', 2, 'C', 0, 0, 0, 0, 0, 0, 0, 0, 0, 0),
(404, 13, 4, 12, 195, 10268601, 'HENRY CASTRO', 2, 'C', 0, 0, 0, 0, 0, 0, 0, 0, 0, 0),
(405, 13, 4, 12, 196, 9435688, 'FRANKLIN RODRIGUEZ', 2, 'C', 0, 0, 0, 0, 0, 0, 0, 0, 0, 0),
(406, 13, 4, 12, 197, 4399505, 'GENARO RIOS', 2, 'C', 0, 0, 0, 0, 0, 0, 0, 0, 0, 0),
(407, 13, 4, 12, 198, 7249586, 'NESTOR SILVA', 2, 'C', 0, 0, 0, 0, 0, 0, 0, 0, 0, 0),
(408, 13, 4, 12, 199, 9439870, 'JOSE G PEREZ', 2, 'C', 0, 0, 0, 0, 0, 0, 0, 0, 0, 0),
(409, 13, 4, 12, 200, 9431695, 'FAUSTINO AMADOR', 2, 'C', 0, 0, 0, 0, 0, 0, 0, 0, 0, 0),
(410, 13, 4, 12, 201, 9671575, 'JOSE MORALES', 2, 'C', 0, 0, 0, 0, 0, 0, 0, 0, 0, 0),
(411, 13, 4, 12, 202, 9659955, 'JUAN MIJARES', 2, 'C', 0, 0, 0, 0, 0, 0, 0, 0, 0, 0),
(412, 13, 4, 12, 203, 8852436, 'DIOGENES RODRIGUEZ', 2, 'C', 0, 0, 0, 0, 0, 0, 0, 0, 0, 0),
(413, 13, 4, 12, 204, 9435476, 'YORMAN CARMONA', 2, 'C', 0, 0, 0, 0, 0, 0, 0, 0, 0, 0),
(414, 13, 4, 12, 205, 8146462, 'JESUS GUTIERREZ', 2, 'C', 0, 0, 0, 0, 0, 0, 0, 0, 0, 0),
(415, 13, 4, 12, 206, 4567942, 'NELSON ROMERO', 2, 'C', 0, 0, 0, 0, 0, 0, 0, 0, 0, 0),
(416, 13, 4, 12, 207, 7227962, 'CARLOS MENDOZA', 2, 'C', 0, 0, 0, 0, 0, 0, 0, 0, 0, 0),
(417, 13, 4, 12, 208, 8738099, 'JOSE PEREZ', 2, 'C', 0, 0, 0, 0, 0, 0, 0, 0, 0, 0),
(418, 13, 4, 12, 209, 8152329, 'ORLANDO TOVAR', 2, 'C', 0, 0, 0, 0, 0, 0, 0, 0, 0, 0),
(419, 13, 4, 12, 186, 4305940, 'ALEXIS GONZALEZ', 3, 'C', 0, 0, 0, 0, 0, 0, 0, 0, 0, 0),
(420, 13, 4, 12, 187, 9645519, 'EMILIO CONDE', 3, 'C', 0, 0, 0, 0, 0, 0, 0, 0, 0, 0),
(421, 13, 4, 12, 188, 6315372, 'RUSMEL CAMARIPANO', 3, 'C', 0, 0, 0, 0, 0, 0, 0, 0, 0, 0),
(422, 13, 4, 12, 189, 7181992, 'ISRAEL MENDEZ', 3, 'C', 0, 0, 0, 0, 0, 0, 0, 0, 0, 0),
(423, 13, 4, 12, 190, 3291020, 'PEDRO ECHENIQUE', 3, 'C', 0, 0, 0, 0, 0, 0, 0, 0, 0, 0),
(424, 13, 4, 12, 191, 10616621, 'JOEL GARCIA', 3, 'C', 0, 0, 0, 0, 0, 0, 0, 0, 0, 0),
(425, 13, 4, 12, 192, 9994397, 'GIOVANI MENDEZ', 3, 'C', 0, 0, 0, 0, 0, 0, 0, 0, 0, 0),
(426, 13, 4, 12, 193, 8728615, 'VICENTE COLMENARES', 3, 'C', 0, 0, 0, 0, 0, 0, 0, 0, 0, 0),
(427, 13, 4, 12, 194, 9666483, 'JOSE CABEZAS', 3, 'C', 0, 0, 0, 0, 0, 0, 0, 0, 0, 0),
(428, 13, 4, 12, 195, 10268601, 'HENRY CASTRO', 3, 'C', 0, 0, 0, 0, 0, 0, 0, 0, 0, 0),
(429, 13, 4, 12, 196, 9435688, 'FRANKLIN RODRIGUEZ', 3, 'C', 0, 0, 0, 0, 0, 0, 0, 0, 0, 0),
(430, 13, 4, 12, 197, 4399505, 'GENARO RIOS', 3, 'C', 0, 0, 0, 0, 0, 0, 0, 0, 0, 0),
(431, 13, 4, 12, 198, 7249586, 'NESTOR SILVA', 3, 'C', 0, 0, 0, 0, 0, 0, 0, 0, 0, 0),
(432, 13, 4, 12, 199, 9439870, 'JOSE G PEREZ', 3, 'C', 0, 0, 0, 0, 0, 0, 0, 0, 0, 0),
(433, 13, 4, 12, 200, 9431695, 'FAUSTINO AMADOR', 3, 'C', 0, 0, 0, 0, 0, 0, 0, 0, 0, 0),
(434, 13, 4, 12, 201, 9671575, 'JOSE MORALES', 3, 'C', 0, 0, 0, 0, 0, 0, 0, 0, 0, 0),
(435, 13, 4, 12, 202, 9659955, 'JUAN MIJARES', 3, 'C', 0, 0, 0, 0, 0, 0, 0, 0, 0, 0),
(436, 13, 4, 12, 203, 8852436, 'DIOGENES RODRIGUEZ', 3, 'C', 0, 0, 0, 0, 0, 0, 0, 0, 0, 0),
(437, 13, 4, 12, 204, 9435476, 'YORMAN CARMONA', 3, 'C', 0, 0, 0, 0, 0, 0, 0, 0, 0, 0),
(438, 13, 4, 12, 205, 8146462, 'JESUS GUTIERREZ', 3, 'C', 0, 0, 0, 0, 0, 0, 0, 0, 0, 0),
(439, 13, 4, 12, 206, 4567942, 'NELSON ROMERO', 3, 'C', 0, 0, 0, 0, 0, 0, 0, 0, 0, 0),
(440, 13, 4, 12, 207, 7227962, 'CARLOS MENDOZA', 3, 'C', 0, 0, 0, 0, 0, 0, 0, 0, 0, 0),
(441, 13, 4, 12, 208, 8738099, 'JOSE PEREZ', 3, 'C', 0, 0, 0, 0, 0, 0, 0, 0, 0, 0),
(442, 13, 4, 12, 209, 8152329, 'ORLANDO TOVAR', 3, 'C', 0, 0, 0, 0, 0, 0, 0, 0, 0, 0),
(443, 14, 4, 14, 233, 9434343, 'FERNANDO RODRIGUEZ', 1, 'C', 0, 0, 0, 0, 0, 0, 0, 0, 0, 0),
(444, 14, 4, 14, 234, 8727505, 'JOSE QUERALES', 1, 'C', 0, 0, 0, 0, 0, 0, 0, 0, 0, 0),
(445, 14, 4, 14, 235, 5310323, 'DAVID BONALDE', 1, 'C', 0, 0, 0, 0, 0, 0, 0, 0, 0, 0),
(446, 14, 4, 14, 236, 6920919, 'PEDRO RAMOS', 1, 'C', 0, 0, 0, 0, 0, 0, 0, 0, 0, 0),
(447, 14, 4, 14, 237, 7214023, 'JOSE FRANCO', 1, 'C', 0, 0, 0, 0, 0, 0, 0, 0, 0, 0),
(448, 14, 4, 14, 238, 11050087, 'GIOVANNY VARGAS', 1, 'C', 0, 0, 0, 0, 0, 0, 0, 0, 0, 0),
(449, 14, 4, 14, 239, 6392387, 'FREDDY GONZALEZ', 1, 'C', 0, 0, 0, 0, 0, 0, 0, 0, 0, 0),
(450, 14, 4, 14, 240, 6131581, 'JORGE INFANTE', 1, 'C', 0, 0, 0, 0, 0, 0, 0, 0, 0, 0),
(451, 14, 4, 14, 241, 8570629, 'PABLO INFANTE', 1, 'C', 0, 0, 0, 0, 0, 0, 0, 0, 0, 0),
(452, 14, 4, 14, 242, 5278302, 'ANGEL QUINTERO', 1, 'C', 0, 0, 0, 0, 0, 0, 0, 0, 0, 0),
(453, 14, 4, 14, 243, 9416279, 'CASTOR MORA', 1, 'C', 0, 0, 0, 0, 0, 0, 0, 0, 0, 0),
(454, 14, 4, 14, 244, 9648551, 'YLDELGAR RODRIGUEZ', 1, 'C', 0, 0, 0, 0, 0, 0, 0, 0, 0, 0),
(455, 14, 4, 14, 245, 8735553, 'NELSON CONTRERAS', 1, 'C', 0, 0, 0, 0, 0, 0, 0, 0, 0, 0),
(456, 14, 4, 14, 246, 9679119, 'IVAN ZAPATA', 1, 'C', 0, 0, 0, 0, 0, 0, 0, 0, 0, 0),
(457, 14, 4, 14, 247, 7248792, 'TRINO GUERRA', 1, 'C', 0, 0, 0, 0, 0, 0, 0, 0, 0, 0),
(458, 14, 4, 14, 248, 11689808, 'WILMER SILVA', 1, 'C', 0, 0, 0, 0, 0, 0, 0, 0, 0, 0),
(459, 14, 4, 14, 249, 6652018, 'AURELIO ZORRILLA', 1, 'C', 0, 0, 0, 0, 0, 0, 0, 0, 0, 0),
(460, 14, 4, 14, 250, 10236090, 'DEGNIS CHOURIO', 1, 'C', 0, 0, 0, 0, 0, 0, 0, 0, 0, 0),
(461, 14, 4, 14, 251, 7075317, 'ENDER GOLIAT', 1, 'C', 0, 0, 0, 0, 0, 0, 0, 0, 0, 0),
(462, 14, 4, 14, 252, 7204439, 'OSWALDO SANCHEZ', 1, 'C', 0, 0, 0, 0, 0, 0, 0, 0, 0, 0),
(463, 14, 4, 14, 253, 9657589, 'MIGUEL CHAVEZ', 1, 'C', 0, 0, 0, 0, 0, 0, 0, 0, 0, 0),
(464, 14, 4, 14, 233, 9434343, 'FERNANDO RODRIGUEZ', 3, 'C', 0, 0, 0, 0, 0, 0, 0, 0, 0, 0),
(465, 14, 4, 14, 234, 8727505, 'JOSE QUERALES', 3, 'C', 0, 0, 0, 0, 0, 0, 0, 0, 0, 0),
(466, 14, 4, 14, 235, 5310323, 'DAVID BONALDE', 3, 'C', 0, 0, 0, 0, 0, 0, 0, 0, 0, 0),
(467, 14, 4, 14, 236, 6920919, 'PEDRO RAMOS', 3, 'C', 0, 0, 0, 0, 0, 0, 0, 0, 0, 0),
(468, 14, 4, 14, 237, 7214023, 'JOSE FRANCO', 3, 'C', 0, 0, 0, 0, 0, 0, 0, 0, 0, 0),
(469, 14, 4, 14, 238, 11050087, 'GIOVANNY VARGAS', 3, 'C', 0, 0, 0, 0, 0, 0, 0, 0, 0, 0),
(470, 14, 4, 14, 239, 6392387, 'FREDDY GONZALEZ', 3, 'C', 0, 0, 0, 0, 0, 0, 0, 0, 0, 0),
(471, 14, 4, 14, 240, 6131581, 'JORGE INFANTE', 3, 'C', 0, 0, 0, 0, 0, 0, 0, 0, 0, 0),
(472, 14, 4, 14, 241, 8570629, 'PABLO INFANTE', 3, 'C', 0, 0, 0, 0, 0, 0, 0, 0, 0, 0),
(473, 14, 4, 14, 242, 5278302, 'ANGEL QUINTERO', 3, 'C', 0, 0, 0, 0, 0, 0, 0, 0, 0, 0),
(474, 14, 4, 14, 243, 9416279, 'CASTOR MORA', 3, 'C', 0, 0, 0, 0, 0, 0, 0, 0, 0, 0),
(475, 14, 4, 14, 244, 9648551, 'YLDELGAR RODRIGUEZ', 3, 'C', 0, 0, 0, 0, 0, 0, 0, 0, 0, 0),
(476, 14, 4, 14, 245, 8735553, 'NELSON CONTRERAS', 3, 'C', 0, 0, 0, 0, 0, 0, 0, 0, 0, 0),
(477, 14, 4, 14, 246, 9679119, 'IVAN ZAPATA', 3, 'C', 0, 0, 0, 0, 0, 0, 0, 0, 0, 0),
(478, 14, 4, 14, 247, 7248792, 'TRINO GUERRA', 3, 'C', 0, 0, 0, 0, 0, 0, 0, 0, 0, 0),
(479, 14, 4, 14, 248, 11689808, 'WILMER SILVA', 3, 'C', 0, 0, 0, 0, 0, 0, 0, 0, 0, 0),
(480, 14, 4, 14, 249, 6652018, 'AURELIO ZORRILLA', 3, 'C', 0, 0, 0, 0, 0, 0, 0, 0, 0, 0),
(481, 14, 4, 14, 250, 10236090, 'DEGNIS CHOURIO', 3, 'C', 0, 0, 0, 0, 0, 0, 0, 0, 0, 0),
(482, 14, 4, 14, 251, 7075317, 'ENDER GOLIAT', 3, 'C', 0, 0, 0, 0, 0, 0, 0, 0, 0, 0),
(483, 14, 4, 14, 252, 7204439, 'OSWALDO SANCHEZ', 3, 'C', 0, 0, 0, 0, 0, 0, 0, 0, 0, 0),
(484, 14, 4, 14, 253, 9657589, 'MIGUEL CHAVEZ', 3, 'C', 0, 0, 0, 0, 0, 0, 0, 0, 0, 0),
(485, 15, 4, 16, 278, 5277430, 'EDUARDO PERDOMO', 1, 'C', 0, 0, 0, 0, 0, 0, 0, 0, 0, 0),
(486, 15, 4, 16, 279, 8788252, 'MIGUEL NARANJO', 1, 'C', 0, 0, 0, 0, 0, 0, 0, 0, 0, 0),
(487, 15, 4, 16, 280, 8687290, 'HENDER FERNANDEZ', 1, 'C', 0, 0, 0, 0, 0, 0, 0, 0, 0, 0),
(488, 15, 4, 16, 281, 7684415, 'CARLOS LARA', 1, 'C', 0, 0, 0, 0, 0, 0, 0, 0, 0, 0),
(489, 15, 4, 16, 282, 7235602, 'ANIBAL TORO', 1, 'C', 0, 0, 0, 0, 0, 0, 0, 0, 0, 0),
(490, 15, 4, 16, 283, 8331228, 'JOSE MELEAN', 1, 'C', 0, 0, 0, 0, 0, 0, 0, 0, 0, 0),
(491, 15, 4, 16, 284, 10182390, 'PEDRO ALVAREZ', 1, 'C', 0, 0, 0, 0, 0, 0, 0, 0, 0, 0),
(492, 15, 4, 16, 285, 7273339, 'HERMES ROCHE', 1, 'C', 0, 0, 0, 0, 0, 0, 0, 0, 0, 0),
(493, 15, 4, 16, 286, 7251949, 'MANUEL BANDREZ', 1, 'C', 0, 0, 0, 0, 0, 0, 0, 0, 0, 0),
(494, 15, 4, 16, 287, 6328798, 'FREDDY GUERRERO', 1, 'C', 0, 0, 0, 0, 0, 0, 0, 0, 0, 0),
(495, 15, 4, 16, 288, 9672115, 'PEDRO QUIROGA', 1, 'C', 0, 0, 0, 0, 0, 0, 0, 0, 0, 0),
(496, 15, 4, 16, 289, 8263787, 'ALEXIS CAMPERO', 1, 'C', 0, 0, 0, 0, 0, 0, 0, 0, 0, 0),
(497, 15, 4, 16, 290, 10379037, 'FRANCISCO GUTIERREZ', 1, 'C', 0, 0, 0, 0, 0, 0, 0, 0, 0, 0),
(498, 15, 4, 16, 291, 9664547, 'OSCAR ALVAREZ', 1, 'C', 0, 0, 0, 0, 0, 0, 0, 0, 0, 0),
(499, 15, 4, 16, 292, 11043270, 'OSCAR CARVALHEIRA', 1, 'C', 0, 0, 0, 0, 0, 0, 0, 0, 0, 0),
(500, 15, 4, 16, 293, 9680821, 'JUAN PACHECO', 1, 'C', 0, 0, 0, 0, 0, 0, 0, 0, 0, 0),
(501, 15, 4, 16, 294, 10687531, 'JOSE GUILLEN', 1, 'C', 0, 0, 0, 0, 0, 0, 0, 0, 0, 0),
(502, 15, 4, 16, 295, 11761472, 'JOSE PEREZ', 1, 'C', 0, 0, 0, 0, 0, 0, 0, 0, 0, 0),
(503, 15, 4, 16, 296, 9679841, 'ROBERTO PIUNNO', 1, 'C', 0, 0, 0, 0, 0, 0, 0, 0, 0, 0),
(504, 15, 4, 16, 297, 12333784, 'EFRAIN GALENO', 1, 'C', 0, 0, 0, 0, 0, 0, 0, 0, 0, 0),
(505, 15, 4, 16, 298, 9670644, 'alguien mas', 1, 'C', 0, 0, 0, 0, 0, 0, 0, 0, 0, 0),
(506, 16, 5, 19, 338, 9659955, 'JUAN MIJARES', 1, 'D', 0, 0, 0, 0, 0, 0, 0, 0, 0, 0),
(507, 16, 5, 19, 339, 6392387, 'FREDDY GONZALEZ', 1, 'D', 0, 0, 0, 0, 0, 0, 0, 0, 0, 0),
(508, 16, 5, 19, 340, 5265950, 'JORGE OJEDA', 1, 'D', 0, 0, 0, 0, 0, 0, 0, 0, 0, 0),
(509, 16, 5, 19, 341, 5278302, 'ANGEL QUINTERO', 1, 'D', 0, 0, 0, 0, 0, 0, 0, 0, 0, 0),
(510, 16, 5, 19, 342, 5613598, 'TOMAS BRICEÑO', 1, 'D', 0, 0, 0, 0, 0, 0, 0, 0, 0, 0),
(511, 16, 5, 19, 343, 7223301, 'DANIEL RODRIGUEZ', 1, 'D', 0, 0, 0, 0, 0, 0, 0, 0, 0, 0),
(512, 16, 5, 19, 344, 6131581, 'JORGE INFANTE', 1, 'D', 0, 0, 0, 0, 0, 0, 0, 0, 0, 0),
(513, 16, 5, 19, 345, 7201580, 'ELVIS CHAVEZ', 1, 'D', 0, 0, 0, 0, 0, 0, 0, 0, 0, 0),
(514, 16, 5, 19, 346, 5859580, 'JOSE CARABALLO', 1, 'D', 0, 0, 0, 0, 0, 0, 0, 0, 0, 0),
(515, 16, 5, 19, 347, 8480982, 'FREDDY LEZAMA', 1, 'D', 0, 0, 0, 0, 0, 0, 0, 0, 0, 0),
(516, 16, 5, 19, 348, 8369661, 'RONNY RODRIGUEZ', 1, 'D', 0, 0, 0, 0, 0, 0, 0, 0, 0, 0),
(517, 16, 5, 19, 349, 8727505, 'JOSE QUERALES', 1, 'D', 0, 0, 0, 0, 0, 0, 0, 0, 0, 0),
(518, 16, 5, 19, 350, 5310323, 'DAVID BONALDE', 1, 'D', 0, 0, 0, 0, 0, 0, 0, 0, 0, 0),
(519, 16, 5, 19, 351, 6871907, 'JOSE HERNANDEZ', 1, 'D', 0, 0, 0, 0, 0, 0, 0, 0, 0, 0),
(520, 16, 5, 19, 352, 6920919, 'PEDRO RAMOS', 1, 'D', 0, 0, 0, 0, 0, 0, 0, 0, 0, 0),
(521, 16, 5, 19, 353, 7231982, 'WILFREDO GARCIA', 1, 'D', 0, 0, 0, 0, 0, 0, 0, 0, 0, 0),
(522, 16, 5, 19, 354, 8728473, 'ENRIQUE OVALLES', 1, 'D', 0, 0, 0, 0, 0, 0, 0, 0, 0, 0),
(523, 16, 5, 19, 355, 8146462, 'JESUS GUTIERREZ', 1, 'D', 0, 0, 0, 0, 0, 0, 0, 0, 0, 0),
(524, 16, 5, 19, 356, 6487497, 'ALEXIS SOLORZANO', 1, 'D', 0, 0, 0, 0, 0, 0, 0, 0, 0, 0),
(525, 16, 5, 19, 357, 5279607, 'SERGIO OCHOA', 1, 'D', 0, 0, 0, 0, 0, 0, 0, 0, 0, 0),
(526, 16, 5, 19, 358, 7270961, 'GUSTAVO GONZALEZ', 1, 'D', 0, 0, 0, 0, 0, 0, 0, 0, 0, 0),
(527, 19, 6, 4, 112, 9439237, 'JOSE ROJAS', 1, 'B', 0, 0, 0, 0, 0, 0, 0, 0, 0, 0),
(528, 19, 6, 4, 113, 9679218, 'FRANKLIN APARICIO', 1, 'B', 0, 0, 0, 0, 0, 0, 0, 0, 0, 0),
(529, 19, 6, 4, 114, 10753762, 'GILBERTO LUNA', 1, 'B', 0, 0, 0, 0, 0, 0, 0, 0, 0, 0),
(530, 19, 6, 4, 115, 11093649, 'HERNAN TORREALBA', 1, 'B', 0, 0, 0, 0, 0, 0, 0, 0, 0, 0),
(531, 19, 6, 4, 116, 13625600, 'DENIS SOLIS', 1, 'B', 0, 0, 0, 0, 0, 0, 0, 0, 0, 0),
(532, 19, 6, 4, 117, 12568316, 'LUIS CASTELLANO', 1, 'B', 0, 0, 0, 0, 0, 0, 0, 0, 0, 0),
(533, 19, 6, 4, 118, 13780614, 'FREDERIN GUEVARA', 1, 'B', 0, 0, 0, 0, 0, 0, 0, 0, 0, 0),
(534, 19, 6, 4, 119, 12855103, 'EFRAIN QUINTERO', 1, 'B', 0, 0, 0, 0, 0, 0, 0, 0, 0, 0),
(535, 19, 6, 4, 120, 14038428, 'JHONAL HERRERA', 1, 'B', 0, 0, 0, 0, 0, 0, 0, 0, 0, 0),
(536, 19, 6, 4, 121, 13728092, 'VICTOR RONDON', 1, 'B', 0, 0, 0, 0, 0, 0, 0, 0, 0, 0),
(537, 19, 6, 4, 122, 15129468, 'LUIS RODRIGUEZ', 1, 'B', 0, 0, 0, 0, 0, 0, 0, 0, 0, 0),
(538, 19, 6, 4, 123, 14854652, 'CARLOS GOMEZ', 1, 'B', 0, 0, 0, 0, 0, 0, 0, 0, 0, 0),
(539, 19, 6, 4, 124, 15453247, 'YAFAR MONROY', 1, 'B', 0, 0, 0, 0, 0, 0, 0, 0, 0, 0),
(540, 19, 6, 4, 125, 15601046, 'GEORGE SOTO', 1, 'B', 0, 0, 0, 0, 0, 0, 0, 0, 0, 0),
(541, 19, 6, 4, 126, 15301030, 'LUIS ZERPA', 1, 'B', 0, 0, 0, 0, 0, 0, 0, 0, 0, 0),
(542, 19, 6, 4, 127, 14297327, 'JOEL URBINA', 1, 'B', 0, 0, 0, 0, 0, 0, 0, 0, 0, 0),
(543, 19, 6, 4, 128, 15610809, 'DANIEL ESCALONA', 1, 'B', 0, 0, 0, 0, 0, 0, 0, 0, 0, 0),
(544, 19, 6, 4, 129, 25538662, 'CARLOS CEBALLOS', 1, 'B', 0, 0, 0, 0, 0, 0, 0, 0, 0, 0),
(545, 19, 6, 4, 130, 15533806, 'ULISES FILIPONE', 1, 'B', 0, 0, 0, 0, 0, 0, 0, 0, 0, 0),
(546, 19, 6, 4, 131, 18851197, 'MARCOS CASTELLANO', 1, 'B', 0, 0, 0, 0, 0, 0, 0, 0, 0, 0),
(547, 19, 6, 4, 132, 16691, 'DAVID GONZALEZ', 1, 'B', 0, 0, 0, 0, 0, 0, 0, 0, 0, 0),
(548, 19, 6, 4, 424, 26369, 'Art Vel', 1, 'B', 0, 0, 0, 0, 0, 0, 0, 0, 0, 0),
(549, 19, 6, 4, 425, 1526, 'qweedc rfvvbnm', 1, 'B', 0, 0, 0, 0, 0, 0, 0, 0, 0, 0),
(550, 19, 6, 4, 426, 148632, 'yujjy ghgnhgn', 1, 'B', 0, 0, 0, 0, 0, 0, 0, 0, 0, 0),
(551, 6, 3, 4, 112, 9439237, 'JOSE ROJAS', 4, 'B', 0, 0, 0, 0, 0, 0, 0, 0, 0, 0),
(552, 6, 3, 4, 113, 9679218, 'FRANKLIN APARICIO', 4, 'B', 0, 0, 0, 0, 0, 0, 0, 0, 0, 0),
(553, 6, 3, 4, 114, 10753762, 'GILBERTO LUNA', 4, 'B', 0, 0, 0, 0, 0, 0, 0, 0, 0, 0),
(554, 6, 3, 4, 115, 11093649, 'HERNAN TORREALBA', 4, 'B', 0, 0, 0, 0, 0, 0, 0, 0, 0, 0),
(555, 6, 3, 4, 116, 13625600, 'DENIS SOLIS', 4, 'B', 0, 0, 0, 0, 0, 0, 0, 0, 0, 0),
(556, 6, 3, 4, 117, 12568316, 'LUIS CASTELLANO', 4, 'B', 0, 0, 0, 0, 0, 0, 0, 0, 0, 0),
(557, 6, 3, 4, 118, 13780614, 'FREDERIN GUEVARA', 4, 'B', 0, 0, 0, 0, 0, 0, 0, 0, 0, 0),
(558, 6, 3, 4, 119, 12855103, 'EFRAIN QUINTERO', 4, 'B', 0, 0, 0, 0, 0, 0, 0, 0, 0, 0),
(559, 6, 3, 4, 120, 14038428, 'JHONAL HERRERA', 4, 'B', 0, 0, 0, 0, 0, 0, 0, 0, 0, 0),
(560, 6, 3, 4, 121, 13728092, 'VICTOR RONDON', 4, 'B', 0, 0, 0, 0, 0, 0, 0, 0, 0, 0),
(561, 6, 3, 4, 122, 15129468, 'LUIS RODRIGUEZ', 4, 'B', 0, 0, 0, 0, 0, 0, 0, 0, 0, 0),
(562, 6, 3, 4, 123, 14854652, 'CARLOS GOMEZ', 4, 'B', 0, 0, 0, 0, 0, 0, 0, 0, 0, 0),
(563, 6, 3, 4, 124, 15453247, 'YAFAR MONROY', 4, 'B', 0, 0, 0, 0, 0, 0, 0, 0, 0, 0),
(564, 6, 3, 4, 125, 15601046, 'GEORGE SOTO', 4, 'B', 0, 0, 0, 0, 0, 0, 0, 0, 0, 0),
(565, 6, 3, 4, 126, 15301030, 'LUIS ZERPA', 4, 'B', 0, 0, 0, 0, 0, 0, 0, 0, 0, 0),
(566, 6, 3, 4, 127, 14297327, 'JOEL URBINA', 4, 'B', 0, 0, 0, 0, 0, 0, 0, 0, 0, 0),
(567, 6, 3, 4, 128, 15610809, 'DANIEL ESCALONA', 4, 'B', 0, 0, 0, 0, 0, 0, 0, 0, 0, 0),
(568, 6, 3, 4, 129, 25538662, 'CARLOS CEBALLOS', 4, 'B', 0, 0, 0, 0, 0, 0, 0, 0, 0, 0),
(569, 6, 3, 4, 130, 15533806, 'ULISES FILIPONE', 4, 'B', 0, 0, 0, 0, 0, 0, 0, 0, 0, 0),
(570, 6, 3, 4, 131, 18851197, 'MARCOS CASTELLANO', 4, 'B', 0, 0, 0, 0, 0, 0, 0, 0, 0, 0),
(571, 6, 3, 4, 132, 16691, 'DAVID GONZALEZ', 4, 'B', 0, 0, 0, 0, 0, 0, 0, 0, 0, 0),
(572, 6, 3, 4, 424, 26369, 'Art Vel', 4, 'B', 0, 0, 0, 0, 0, 0, 0, 0, 0, 0),
(573, 6, 3, 4, 425, 1526, 'qweedc rfvvbnm', 4, 'B', 0, 0, 0, 0, 0, 0, 0, 0, 0, 0),
(574, 6, 3, 4, 426, 148632, 'yujjy ghgnhgn', 4, 'B', 0, 0, 0, 0, 0, 0, 0, 0, 0, 0),
(575, 6, 3, 4, 424, 26369, 'Art Vel', 1, 'B', 0, 0, 0, 0, 0, 0, 0, 0, 0, 0),
(576, 6, 3, 4, 425, 1526, 'qweedc rfvvbnm', 1, 'B', 0, 0, 0, 0, 0, 0, 0, 0, 0, 0),
(577, 6, 3, 4, 426, 148632, 'yujjy ghgnhgn', 1, 'B', 0, 0, 0, 0, 0, 0, 0, 0, 0, 0),
(578, 6, 3, 4, 424, 26369, 'Art Vel', 2, 'B', 0, 0, 0, 0, 0, 0, 0, 0, 0, 0),
(579, 6, 3, 4, 425, 1526, 'qweedc rfvvbnm', 2, 'B', 0, 0, 0, 0, 0, 0, 0, 0, 0, 0),
(580, 6, 3, 4, 426, 148632, 'yujjy ghgnhgn', 2, 'B', 0, 0, 0, 0, 0, 0, 0, 0, 0, 0),
(581, 6, 3, 4, 424, 26369, 'Art Vel', 3, 'B', 0, 0, 0, 0, 0, 0, 0, 0, 0, 0),
(582, 6, 3, 4, 425, 1526, 'qweedc rfvvbnm', 3, 'B', 0, 0, 0, 0, 0, 0, 0, 0, 0, 0),
(583, 6, 3, 4, 426, 148632, 'yujjy ghgnhgn', 3, 'B', 0, 0, 0, 0, 0, 0, 0, 0, 0, 0);

-- --------------------------------------------------------

--
-- Estructura de tabla para la tabla `puntaje`
--

CREATE TABLE `puntaje` (
  `id_ttb` int(100) NOT NULL,
  `id_tab` int(100) NOT NULL,
  `id_team` int(100) NOT NULL,
  `nj` int(100) DEFAULT NULL,
  `jj` int(100) DEFAULT NULL,
  `jg` int(100) DEFAULT NULL,
  `jp` int(100) DEFAULT NULL,
  `je` int(100) DEFAULT NULL,
  `ca` int(100) DEFAULT NULL,
  `ce` int(100) DEFAULT NULL,
  `val` int(1) DEFAULT NULL,
  `fech_part` date DEFAULT NULL
) ENGINE=InnoDB DEFAULT CHARSET=utf8mb4;

--
-- Volcado de datos para la tabla `puntaje`
--

INSERT INTO `puntaje` (`id_ttb`, `id_tab`, `id_team`, `nj`, `jj`, `jg`, `jp`, `je`, `ca`, `ce`, `val`, `fech_part`) VALUES
(1, 6, 4, 1, 1, 1, 0, 0, 2, 0, 1, '2025-06-07'),
(2, 6, 4, 2, 1, 1, 0, 0, 2, 0, 1, '2025-06-14'),
(3, 12, 10, 1, 1, 1, 0, 0, 6, 3, 1, '2025-06-07'),
(4, 12, 10, 2, 2, 1, 0, 0, 6, 3, 1, NULL),
(5, 10, 8, 1, 1, 0, 1, 0, 3, 6, 1, '2025-06-07'),
(6, 10, 8, 2, 2, 0, 1, 0, 3, 4, 1, '2025-06-14'),
(7, 9, 7, 1, 1, 1, 0, 0, 9, 1, 1, '2025-06-07'),
(8, 9, 7, 2, 2, 1, 0, 0, 4, 3, 1, '2025-06-14'),
(9, 7, 6, 1, 1, 0, 1, 0, 1, 9, 1, '2025-06-07'),
(10, 7, 6, 2, 2, 0, 1, 0, 1, 9, 1, '2025-06-14'),
(11, 11, 9, 1, 1, 0, 1, 0, 4, 10, 1, NULL),
(12, 8, 5, 1, 1, 0, 1, 0, 0, 2, 1, '2025-06-07'),
(13, 6, 4, 3, 3, 1, 0, 0, 6, 4, 1, '2025-06-07'),
(14, 9, 7, 3, 3, 0, 1, 0, 4, 6, 1, '2025-06-07'),
(15, 12, 10, 3, 3, 1, 0, 0, 11, 0, 1, '2025-06-07'),
(16, 11, 9, 3, 3, 0, 1, 0, 0, 11, 1, '2025-06-07'),
(17, 0, 0, 0, 0, 0, 0, 0, 0, 0, 0, '0000-00-00');

-- --------------------------------------------------------

--
-- Estructura de tabla para la tabla `resumen_lanz`
--

CREATE TABLE `resumen_lanz` (
  `id_rslz` int(100) NOT NULL,
  `id_tab` int(100) NOT NULL,
  `id_temp` int(100) NOT NULL,
  `id_team` int(100) NOT NULL,
  `id_player` int(100) NOT NULL,
  `cedula` int(100) NOT NULL,
  `name_jglz` varchar(60) NOT NULL,
  `tnj` int(100) DEFAULT NULL,
  `categoria` varchar(1) NOT NULL,
  `tjl` int(100) DEFAULT NULL,
  `tjg` int(100) DEFAULT NULL,
  `avg` int(100) DEFAULT NULL,
  `til` int(100) DEFAULT NULL,
  `tcpl` int(100) DEFAULT NULL,
  `efec` decimal(10,2) DEFAULT NULL,
  `h` int(100) DEFAULT NULL,
  `2b` int(100) DEFAULT NULL,
  `3b` int(100) DEFAULT NULL,
  `hr` int(100) DEFAULT NULL,
  `b` int(100) DEFAULT NULL,
  `k` int(100) DEFAULT NULL
) ENGINE=InnoDB DEFAULT CHARSET=utf8mb4;

--
-- Volcado de datos para la tabla `resumen_lanz`
--

INSERT INTO `resumen_lanz` (`id_rslz`, `id_tab`, `id_temp`, `id_team`, `id_player`, `cedula`, `name_jglz`, `tnj`, `categoria`, `tjl`, `tjg`, `avg`, `til`, `tcpl`, `efec`, `h`, `2b`, `3b`, `hr`, `b`, `k`) VALUES
(1, 1, 1, 1, 4, 56457443, 'Pedro Vargas', 1, 'B', 0, 0, 0, 0, 0, '0.00', 0, 0, 0, 0, 0, 0),
(2, 2, 1, 2, 2, 26369213, 'Arturo Vielma', 1, 'B', 0, 0, 0, 0, 0, '0.00', 0, 0, 0, 0, 0, 0),
(3, 6, 3, 4, 112, 9439237, '', 1, 'B', 0, 0, 0, 0, 0, '0.00', 0, 0, 0, 0, 0, 0),
(4, 6, 3, 4, 114, 10753762, '', 1, 'B', 0, 0, 0, 2, 2, '7.00', 3, 0, 0, 0, 2, 0),
(5, 6, 3, 4, 116, 13625600, '', 3, 'B', 1, 1, 1000, 7, 1, '1.00', 5, 2, 0, 0, 1, 2),
(6, 6, 3, 4, 117, 12568316, '', 2, 'B', 1, 1, 1000, 5, 0, '0.00', 2, 1, 0, 0, 1, 3),
(7, 12, 3, 10, 86, 9697772, 'NERIO APARICIO', 1, 'B', 0, 0, 0, 0, 0, '0.00', 0, 0, 0, 0, 0, 0),
(8, 12, 3, 10, 90, 11496464, 'MIGUEL GUERRERO', 1, 'B', 0, 0, 0, 0, 0, '0.00', 0, 0, 0, 0, 0, 0),
(9, 12, 3, 10, 94, 13133463, 'HERNAN MATINEZ', 2, 'B', 2, 1, 500, 3, 9, '21.00', 7, 5, 0, 1, 3, 2),
(10, 12, 3, 10, 98, 10755819, 'EVERTE NOGUERA', 2, 'B', 0, 0, 0, 7, 3, '2.86', 10, 2, 0, 0, 1, 0),
(11, 12, 3, 10, 101, 7255478, 'ARCADIO RATTIA', 1, 'B', 0, 0, 0, 0, 0, '0.00', 0, 0, 0, 0, 0, 0),
(12, 10, 3, 8, 61, 8677611, 'HECTOR PEREZ', 1, 'B', 0, 0, 0, 0, 0, '0.00', 0, 0, 0, 0, 0, 0),
(13, 10, 3, 8, 62, 72545586, 'EFREN RODRIGUEZ', 2, 'B', 0, 0, 0, 4, 2, '3.50', 3, 2, 0, 0, 2, 0),
(14, 10, 3, 8, 63, 6303697, 'JOSE ROJAS', 2, 'B', 1, 0, 0, 3, 4, '10.53', 2, 3, 0, 0, 4, 1),
(15, 10, 3, 8, 79, 15486208, 'NERIO RIVERO', 2, 'B', 1, 0, 0, 5, 2, '2.63', 1, 0, 1, 0, 6, 3),
(16, 9, 3, 7, 137, 11087851, 'WILSON GRAFF', 1, 'B', 0, 0, 0, 0, 0, '0.00', 0, 0, 0, 0, 0, 0),
(17, 9, 3, 7, 138, 8728615, 'VICENTE COLMENARES', 1, 'B', 0, 0, 0, 0, 0, '0.00', 0, 0, 0, 0, 0, 0),
(18, 9, 3, 7, 142, 14109916, 'ELBER NARANJO', 1, 'B', 0, 0, 0, 0, 0, '0.00', 0, 0, 0, 0, 0, 0),
(19, 9, 3, 7, 148, 12145449, 'BENARDO TOVAR', 2, 'B', 2, 2, 1000, 10, 3, '2.10', 8, 1, 0, 2, 2, 3),
(20, 9, 3, 7, 152, 12610857, 'GERMAN CAMACHO', 1, 'B', 0, 0, 0, 4, 1, '1.75', 3, 0, 0, 0, 3, 1),
(21, 7, 3, 6, 34, 9673758, 'DANNY CARVETTI', 1, 'B', 0, 0, 0, 0, 0, '0.00', 0, 0, 0, 0, 0, 0),
(22, 7, 3, 6, 36, 7265878, 'JHONNY BLANCO', 1, 'B', 0, 0, 0, 0, 0, '0.00', 0, 0, 0, 0, 0, 0),
(23, 7, 3, 6, 41, 7248792, 'TRINO GUERRA', 1, 'B', 0, 0, 0, 0, 0, '0.00', 0, 0, 0, 0, 0, 0),
(24, 7, 3, 6, 42, 10157676, 'MARTIN MENDOZA', 1, 'B', 0, 0, 0, 0, 0, '0.00', 0, 0, 0, 0, 0, 0),
(25, 7, 3, 6, 45, 9668617, 'GREGORIO LOPEZ', 2, 'B', 2, 1, 500, 14, 10, '5.00', 17, 3, 3, 0, 6, 8),
(26, 7, 3, 6, 49, 11115644, 'DAVID CONTRERAS', 1, 'B', 0, 0, 0, 0, 0, '0.00', 0, 0, 0, 0, 0, 0),
(27, 11, 3, 9, 161, 9654897, 'EUGENIO CHIPRE', 1, 'B', 1, 0, 0, 5, 9, '13.52', 3, 0, 1, 5, 4, 4),
(28, 11, 3, 9, 162, 12103155, 'ASDRUBAL BRAVO', 1, 'B', 0, 0, 0, 0, 0, '0.00', 0, 0, 0, 0, 0, 0),
(29, 11, 3, 9, 163, 7190189, 'CARLOS ESPINOZA', 1, 'B', 0, 0, 0, 1, 0, '0.00', 4, 0, 0, 0, 0, 0),
(30, 11, 3, 9, 174, 2903498, 'FREDDY JURADO', 1, 'B', 0, 0, 0, 0, 0, '0.00', 0, 0, 0, 0, 0, 0),
(31, 11, 3, 9, 184, 7245014, 'BAUDILIO SILVA', 1, 'B', 0, 0, 0, 0, 0, '0.00', 0, 0, 0, 0, 0, 0),
(32, 8, 3, 5, 13, 10457594, 'JOSE GUEVARA', 1, 'B', 0, 0, 0, 0, 0, '0.00', 0, 0, 0, 0, 0, 0),
(33, 8, 3, 5, 16, 9693994, 'JOSE MARCHAN', 1, 'B', 1, 0, 0, 6, 1, '1.17', 5, 3, 0, 0, 0, 4),
(34, 8, 3, 5, 26, 11184288, 'ANDRY MENDEZ', 1, 'B', 0, 0, 0, 0, 0, '0.00', 0, 0, 0, 0, 0, 0),
(35, 8, 3, 5, 53, 10750199, 'VICTOR HERNANDEZ', 1, 'B', 0, 0, 0, 0, 0, '0.00', 0, 0, 0, 0, 0, 0),
(36, 8, 3, 5, 56, 14319145, 'GABRIEL LIRA', 1, 'B', 0, 0, 0, 0, 0, '0.00', 0, 0, 0, 0, 0, 0),
(37, 13, 4, 12, 190, 3291020, 'PEDRO ECHENIQUE', 1, 'C', 0, 0, 0, 0, 0, '0.00', 0, 0, 0, 0, 0, 0),
(38, 13, 4, 12, 193, 8728615, 'VICENTE COLMENARES', 1, 'C', 0, 0, 0, 0, 0, '0.00', 0, 0, 0, 0, 0, 0),
(39, 13, 4, 12, 197, 4399505, 'GENARO RIOS', 1, 'C', 0, 0, 0, 0, 0, '0.00', 0, 0, 0, 0, 0, 0),
(40, 13, 4, 12, 207, 7227962, 'CARLOS MENDOZA', 1, 'C', 0, 0, 0, 0, 0, '0.00', 0, 0, 0, 0, 0, 0),
(41, 13, 4, 12, 209, 8152329, 'ORLANDO TOVAR', 1, 'C', 0, 0, 0, 0, 0, '0.00', 0, 0, 0, 0, 0, 0),
(42, 14, 4, 14, 234, 8727505, 'JOSE QUERALES', 1, 'C', 0, 0, 0, 0, 0, '0.00', 0, 0, 0, 0, 0, 0),
(43, 14, 4, 14, 239, 6392387, 'FREDDY GONZALEZ', 1, 'C', 0, 0, 0, 0, 0, '0.00', 0, 0, 0, 0, 0, 0),
(44, 14, 4, 14, 242, 5278302, 'ANGEL QUINTERO', 1, 'C', 0, 0, 0, 0, 0, '0.00', 0, 0, 0, 0, 0, 0),
(45, 14, 4, 14, 245, 8735553, 'NELSON CONTRERAS', 1, 'C', 0, 0, 0, 0, 0, '0.00', 0, 0, 0, 0, 0, 0),
(46, 14, 4, 14, 253, 9657589, 'MIGUEL CHAVEZ', 1, 'C', 0, 0, 0, 0, 0, '0.00', 0, 0, 0, 0, 0, 0),
(47, 15, 4, 16, 278, 5277430, 'alguien mas', 1, 'C', 0, 0, 0, 0, 0, '0.00', 0, 0, 0, 0, 0, 0),
(48, 15, 4, 16, 279, 8788252, 'alguien mas', 1, 'C', 0, 0, 0, 0, 0, '0.00', 0, 0, 0, 0, 0, 0),
(49, 15, 4, 16, 280, 8687290, 'alguien mas', 1, 'C', 0, 0, 0, 0, 0, '0.00', 0, 0, 0, 0, 0, 0),
(50, 15, 4, 16, 283, 8331228, 'alguien mas', 1, 'C', 0, 0, 0, 0, 0, '0.00', 0, 0, 0, 0, 0, 0),
(51, 15, 4, 16, 295, 11761472, 'alguien mas', 1, 'C', 0, 0, 0, 0, 0, '0.00', 0, 0, 0, 0, 0, 0),
(52, 16, 5, 19, 339, 6392387, 'FREDDY GONZALEZ', 1, 'D', 0, 0, 0, 0, 0, '0.00', 0, 0, 0, 0, 0, 0),
(53, 16, 5, 19, 341, 5278302, 'ANGEL QUINTERO', 1, 'D', 0, 0, 0, 0, 0, '0.00', 0, 0, 0, 0, 0, 0),
(54, 16, 5, 19, 349, 8727505, 'JOSE QUERALES', 1, 'D', 0, 0, 0, 0, 0, '0.00', 0, 0, 0, 0, 0, 0),
(55, 16, 5, 19, 355, 8146462, 'JESUS GUTIERREZ', 1, 'D', 0, 0, 0, 0, 0, '0.00', 0, 0, 0, 0, 0, 0),
(56, 16, 5, 19, 358, 7270961, 'GUSTAVO GONZALEZ', 1, 'D', 0, 0, 0, 0, 0, '0.00', 0, 0, 0, 0, 0, 0),
(57, 19, 6, 4, 112, 9439237, '', 1, 'B', 0, 0, 0, 0, 0, '0.00', 0, 0, 0, 0, 0, 0),
(58, 19, 6, 4, 114, 10753762, '', 1, 'B', 0, 0, 0, 0, 0, '0.00', 0, 0, 0, 0, 0, 0),
(59, 19, 6, 4, 116, 13625600, '', 1, 'B', 0, 0, 0, 0, 0, '0.00', 0, 0, 0, 0, 0, 0),
(60, 19, 6, 4, 117, 12568316, '', 1, 'B', 0, 0, 0, 0, 0, '0.00', 0, 0, 0, 0, 0, 0),
(61, 19, 6, 4, 424, 26369, '', 1, 'B', 0, 0, 0, 0, 0, '0.00', 0, 0, 0, 0, 0, 0),
(62, 19, 6, 4, 426, 148632, '', 1, 'B', 0, 0, 0, 0, 0, '0.00', 0, 0, 0, 0, 0, 0),
(63, 6, 3, 4, 116, 13625600, '', 1, 'B', 0, 0, 0, 0, 0, '0.00', 0, 0, 0, 0, 0, 0),
(64, 6, 3, 4, 117, 12568316, '', 1, 'B', 0, 0, 0, 0, 0, '0.00', 0, 0, 0, 0, 0, 0),
(65, 6, 3, 4, 424, 26369, '', 1, 'B', 0, 0, 0, 0, 0, '0.00', 0, 0, 0, 0, 0, 0),
(66, 6, 3, 4, 426, 148632, '', 1, 'B', 0, 0, 0, 0, 0, '0.00', 0, 0, 0, 0, 0, 0),
(67, 6, 3, 4, 112, 9439237, '', 2, 'B', 0, 0, 0, 0, 0, '0.00', 0, 0, 0, 0, 0, 0),
(68, 6, 3, 4, 114, 10753762, '', 2, 'B', 0, 0, 0, 0, 0, '0.00', 0, 0, 0, 0, 0, 0),
(69, 6, 3, 4, 116, 13625600, '', 2, 'B', 0, 0, 0, 0, 0, '0.00', 0, 0, 0, 0, 0, 0),
(70, 6, 3, 4, 424, 26369, '', 2, 'B', 0, 0, 0, 0, 0, '0.00', 0, 0, 0, 0, 0, 0),
(71, 6, 3, 4, 426, 148632, '', 2, 'B', 0, 0, 0, 0, 0, '0.00', 0, 0, 0, 0, 0, 0),
(72, 6, 3, 4, 112, 9439237, '', 3, 'B', 0, 0, 0, 0, 0, '0.00', 0, 0, 0, 0, 0, 0),
(73, 6, 3, 4, 114, 10753762, '', 3, 'B', 0, 0, 0, 0, 0, '0.00', 0, 0, 0, 0, 0, 0),
(74, 6, 3, 4, 117, 12568316, '', 3, 'B', 0, 0, 0, 0, 0, '0.00', 0, 0, 0, 0, 0, 0),
(75, 6, 3, 4, 424, 26369, '', 3, 'B', 0, 0, 0, 0, 0, '0.00', 0, 0, 0, 0, 0, 0),
(76, 6, 3, 4, 426, 148632, '', 3, 'B', 0, 0, 0, 0, 0, '0.00', 0, 0, 0, 0, 0, 0);

-- --------------------------------------------------------

--
-- Estructura de tabla para la tabla `resumen_stats`
--

CREATE TABLE `resumen_stats` (
  `id_rsts` int(100) NOT NULL,
  `id_tab` int(100) NOT NULL,
  `id_temp` int(100) NOT NULL,
  `id_team` int(100) NOT NULL,
  `id_player` int(100) NOT NULL,
  `cedula` int(100) NOT NULL,
  `name_jgstats` varchar(60) NOT NULL,
  `tnj` int(100) DEFAULT NULL,
  `categoria` varchar(1) NOT NULL,
  `vb` int(100) DEFAULT NULL,
  `h` int(100) DEFAULT NULL,
  `hr` int(100) DEFAULT NULL,
  `2b` int(100) DEFAULT NULL,
  `3b` int(100) DEFAULT NULL,
  `ca` int(100) DEFAULT NULL,
  `ci` int(100) DEFAULT NULL,
  `k` int(100) DEFAULT NULL,
  `b` int(100) DEFAULT NULL,
  `a` int(100) DEFAULT NULL,
  `tvb` int(100) DEFAULT NULL,
  `th` int(100) DEFAULT NULL,
  `avg` int(100) DEFAULT NULL,
  `cb` decimal(10,2) DEFAULT NULL
) ENGINE=InnoDB DEFAULT CHARSET=utf8mb4;

--
-- Volcado de datos para la tabla `resumen_stats`
--

INSERT INTO `resumen_stats` (`id_rsts`, `id_tab`, `id_temp`, `id_team`, `id_player`, `cedula`, `name_jgstats`, `tnj`, `categoria`, `vb`, `h`, `hr`, `2b`, `3b`, `ca`, `ci`, `k`, `b`, `a`, `tvb`, `th`, `avg`, `cb`) VALUES
(1, 1, 1, 1, 3, 23452524, 'Jose Perez', 1, 'B', 5, 2, 1, 0, 1, 0, 0, 1, 0, 1, 5, 4, 800, '12.50'),
(2, 1, 1, 1, 4, 56457443, 'Pedro Vargas', 1, 'B', 5, 1, 1, 1, 0, 2, 2, 1, 0, 1, 5, 3, 600, '12.50'),
(3, 2, 1, 2, 1, 4305940, 'alexis Gonzales', 1, 'B', 6, 3, 1, 0, 1, 1, 1, 0, 0, 1, 6, 5, 833, '15.00'),
(4, 2, 1, 2, 2, 26369213, 'Arturo Vielma', 1, 'B', 4, 2, 0, 0, 0, 0, 0, 0, 0, 1, 4, 2, 500, '10.00'),
(5, 6, 3, 4, 112, 9439237, 'JOSE ROJAS', 1, 'B', 0, 0, 0, 0, 0, 0, 0, 0, 0, 0, 0, 0, 0, '0.00'),
(6, 6, 3, 4, 113, 9679218, 'FRANKLIN APARICIO', 1, 'B', 3, 2, 0, 1, 0, 0, 2, 0, 0, 1, 3, 3, 1000, '7.50'),
(7, 6, 3, 4, 114, 10753762, 'GILBERTO LUNA', 2, 'B', 1, 0, 0, 0, 0, 0, 0, 1, 0, 2, 1, 0, 0, '2.50'),
(8, 6, 3, 4, 115, 11093649, 'HERNAN TORREALBA', 2, 'B', 5, 1, 0, 0, 0, 1, 0, 1, 1, 2, 5, 1, 200, '12.50'),
(9, 6, 3, 4, 116, 13625600, 'DENIS SOLIS', 2, 'B', 2, 1, 0, 0, 0, 0, 0, 0, 0, 2, 2, 1, 500, '5.00'),
(10, 6, 3, 4, 117, 12568316, 'LUIS CASTELLANO', 2, 'B', 7, 0, 0, 1, 0, 1, 0, 0, 0, 2, 7, 1, 143, '17.50'),
(11, 6, 3, 4, 118, 13780614, 'FREDERIN GUEVARA', 2, 'B', 1, 0, 0, 0, 0, 0, 0, 0, 0, 2, 1, 0, 0, '2.50'),
(12, 6, 3, 4, 119, 12855103, 'EFRAIN QUINTERO', 2, 'B', 6, 1, 0, 0, 0, 0, 0, 1, 0, 2, 6, 1, 167, '15.00'),
(13, 6, 3, 4, 120, 14038428, 'JHONAL HERRERA', 2, 'B', 5, 1, 0, 2, 0, 2, 0, 0, 0, 2, 5, 3, 600, '12.50'),
(14, 6, 3, 4, 121, 13728092, 'VICTOR RONDON', 1, 'B', 3, 1, 0, 0, 0, 0, 0, 0, 0, 1, 3, 1, 333, '7.50'),
(15, 6, 3, 4, 122, 15129468, 'LUIS RODRIGUEZ', 2, 'B', 5, 2, 1, 0, 0, 1, 3, 0, 0, 2, 5, 3, 600, '12.50'),
(16, 6, 3, 4, 123, 14854652, 'CARLOS GOMEZ', 2, 'B', 2, 1, 0, 0, 0, 0, 0, 1, 0, 1, 2, 1, 500, '5.00'),
(17, 6, 3, 4, 124, 15453247, 'YAFAR MONROY', 2, 'B', 2, 0, 0, 0, 0, 0, 0, 1, 0, 1, 2, 0, 0, '5.00'),
(18, 6, 3, 4, 125, 15601046, 'GEORGE SOTO', 2, 'B', 5, 3, 0, 1, 0, 3, 0, 0, 0, 2, 5, 4, 800, '12.50'),
(19, 6, 3, 4, 126, 15301030, 'LUIS ZERPA', 1, 'B', 0, 0, 0, 0, 0, 0, 0, 0, 0, 0, 0, 0, 0, '0.00'),
(20, 6, 3, 4, 127, 14297327, 'JOEL URBINA', 2, 'B', 0, 0, 0, 0, 0, 0, 0, 0, 0, 1, 0, 0, 0, '0.00'),
(21, 6, 3, 4, 128, 15610809, 'DANIEL ESCALONA', 2, 'B', 5, 2, 0, 0, 0, 0, 1, 0, 0, 2, 5, 2, 400, '12.50'),
(22, 6, 3, 4, 129, 25538662, 'CARLOS CEBALLOS', 3, 'B', 7, 2, 0, 3, 0, 0, 1, 1, 0, 1, 7, 5, 714, '17.50'),
(23, 6, 3, 4, 130, 15533806, 'ULISES FILIPONE', 2, 'B', 2, 0, 0, 0, 0, 0, 0, 0, 0, 1, 2, 0, 0, '5.00'),
(24, 6, 3, 4, 131, 18851197, 'MARCOS CASTELLANO', 1, 'B', 3, 0, 0, 0, 0, 0, 0, 0, 0, 1, 3, 0, 0, '7.50'),
(25, 6, 3, 4, 132, 16691, 'DAVID GONZALEZ', 2, 'B', 1, 0, 0, 0, 0, 0, 0, 1, 0, 1, 1, 0, 0, '2.50'),
(26, 12, 3, 10, 85, 14664354, 'ARTURO ACACIO', 2, 'B', 2, 0, 0, 0, 0, 0, 0, 0, 1, 1, 2, 0, 0, '5.00'),
(27, 12, 3, 10, 86, 9697772, 'NERIO APARICIO', 1, 'B', 0, 0, 0, 0, 0, 0, 0, 0, 0, 0, 0, 0, 0, '0.00'),
(28, 12, 3, 10, 87, 11060497, 'LEWYS BLANCO', 2, 'B', 5, 1, 0, 0, 0, 0, 1, 0, 0, 2, 5, 1, 200, '12.50'),
(29, 12, 3, 10, 88, 13769605, 'DANNY CISNERO', 2, 'B', 6, 2, 0, 2, 0, 1, 3, 0, 0, 2, 6, 4, 667, '15.00'),
(30, 12, 3, 10, 89, 9694675, 'LEONARDO CORREIA', 2, 'B', 4, 0, 0, 0, 0, 0, 2, 0, 0, 2, 4, 0, 0, '10.00'),
(31, 12, 3, 10, 90, 11496464, 'MIGUEL GUERRERO', 1, 'B', 0, 0, 0, 0, 0, 0, 0, 0, 0, 0, 0, 0, 0, '0.00'),
(32, 12, 3, 10, 91, 9653000, 'JOHN JIMENEZ', 2, 'B', 2, 0, 0, 0, 0, 1, 0, 0, 0, 2, 2, 0, 0, '5.00'),
(33, 12, 3, 10, 92, 11088864, 'SAUL LOYO', 1, 'B', 1, 0, 0, 0, 0, 0, 0, 0, 0, 1, 1, 0, 0, '2.50'),
(34, 12, 3, 10, 93, 10458740, 'CRISPIN MACHADO', 1, 'B', 3, 1, 0, 0, 0, 1, 0, 1, 0, 1, 3, 1, 333, '7.50'),
(35, 12, 3, 10, 94, 13133463, 'HERNAN MATINEZ', 2, 'B', 2, 0, 0, 0, 0, 0, 0, 2, 0, 1, 2, 0, 0, '5.00'),
(36, 12, 3, 10, 95, 12927967, 'DUILIO NAVAS', 2, 'B', 3, 2, 0, 0, 0, 2, 1, 0, 1, 2, 3, 2, 667, '7.50'),
(37, 12, 3, 10, 96, 11091148, 'EMERSON NIEVES', 1, 'B', 0, 0, 0, 0, 0, 0, 0, 0, 0, 0, 0, 0, 0, '0.00'),
(38, 12, 3, 10, 97, 11591554, 'JUAN NIEVES', 1, 'B', 1, 0, 0, 0, 0, 0, 0, 0, 0, 1, 1, 0, 0, '2.50'),
(39, 12, 3, 10, 98, 10755819, 'EVERTE NOGUERA', 2, 'B', 1, 0, 0, 0, 0, 0, 0, 0, 0, 2, 1, 0, 0, '2.50'),
(40, 12, 3, 10, 99, 12146329, 'JACKSON ORTEGA', 1, 'B', 0, 0, 0, 0, 0, 0, 0, 0, 0, 0, 0, 0, 0, '0.00'),
(41, 12, 3, 10, 100, 9654405, 'JAIRO PINILLA', 1, 'B', 1, 0, 0, 0, 0, 0, 0, 0, 0, 1, 1, 0, 0, '2.50'),
(42, 12, 3, 10, 101, 7255478, 'ARCADIO RATTIA', 1, 'B', 0, 0, 0, 0, 0, 0, 0, 0, 0, 0, 0, 0, 0, '0.00'),
(43, 12, 3, 10, 102, 9439945, 'JOSE RIOS', 1, 'B', 0, 0, 0, 0, 0, 0, 0, 0, 0, 1, 0, 0, 0, '0.00'),
(44, 12, 3, 10, 103, 9439595, 'CESAR ROMERO', 2, 'B', 2, 0, 0, 0, 0, 0, 0, 0, 0, 1, 2, 0, 0, '5.00'),
(45, 12, 3, 10, 104, 12335469, 'DOUGLAS SANCHEZ', 2, 'B', 5, 0, 0, 2, 1, 2, 1, 0, 0, 2, 5, 3, 600, '12.50'),
(46, 12, 3, 10, 105, 11091326, 'CARLOS SILVA', 1, 'B', 0, 0, 0, 0, 0, 0, 0, 0, 0, 0, 0, 0, 0, '0.00'),
(47, 12, 3, 10, 106, 11085830, 'ANGEL SOLER', 1, 'B', 1, 0, 0, 0, 0, 0, 0, 0, 0, 1, 1, 0, 0, '2.50'),
(48, 12, 3, 10, 108, 9680367, 'MIKE TORRES', 2, 'B', 4, 2, 0, 0, 0, 1, 2, 0, 1, 2, 4, 2, 500, '10.00'),
(49, 12, 3, 10, 109, 13426860, 'JESUS TOVAR', 1, 'B', 2, 0, 0, 0, 0, 0, 0, 1, 0, 1, 2, 0, 0, '5.00'),
(50, 12, 3, 10, 110, 11088866, 'NELSON TOVAR', 2, 'B', 4, 2, 0, 0, 0, 2, 1, 0, 1, 2, 4, 2, 500, '10.00'),
(51, 12, 3, 10, 111, 9439613, 'OSWALDO VERENZUELA', 2, 'B', 3, 0, 0, 0, 0, 0, 0, 0, 0, 2, 3, 0, 0, '7.50'),
(52, 10, 3, 8, 58, 8737890, 'WLADIMIR CHALO', 2, 'B', 4, 2, 0, 0, 0, 0, 0, 0, 1, 2, 4, 2, 500, '10.00'),
(53, 10, 3, 8, 59, 8744116, 'CARLOS HERNANDEZ', 2, 'B', 2, 0, 0, 0, 0, 0, 0, 0, 0, 2, 2, 0, 0, '5.00'),
(54, 10, 3, 8, 60, 7254284, 'JOEL BRITO', 1, 'B', 0, 0, 0, 0, 0, 0, 0, 0, 0, 1, 0, 0, 0, '0.00'),
(55, 10, 3, 8, 61, 8677611, 'HECTOR PEREZ', 1, 'B', 2, 0, 0, 0, 0, 0, 0, 0, 1, 1, 2, 0, 0, '5.00'),
(56, 10, 3, 8, 62, 72545586, 'EFREN RODRIGUEZ', 2, 'B', 1, 1, 0, 0, 0, 0, 0, 0, 0, 2, 1, 1, 1000, '2.50'),
(57, 10, 3, 8, 63, 6303697, 'JOSE ROJAS', 2, 'B', 0, 0, 0, 0, 0, 0, 0, 0, 0, 2, 0, 0, 0, '0.00'),
(58, 10, 3, 8, 64, 7269486, 'RUBEN ROJAS', 2, 'B', 1, 1, 0, 0, 0, 1, 0, 0, 0, 1, 1, 1, 1000, '2.50'),
(59, 10, 3, 8, 65, 11952966, 'LEONARDO ESCALONA', 2, 'B', 2, 1, 0, 0, 0, 0, 0, 1, 0, 1, 2, 1, 500, '5.00'),
(60, 10, 3, 8, 66, 11055132, 'EDSON ROJAS', 2, 'B', 5, 2, 0, 0, 0, 1, 1, 1, 0, 2, 5, 2, 400, '12.50'),
(61, 10, 3, 8, 67, 12728503, 'LENIN FERNANDEZ', 1, 'B', 2, 1, 0, 1, 0, 0, 1, 0, 0, 1, 2, 2, 1000, '5.00'),
(62, 10, 3, 8, 68, 12643909, 'ELIEZER TORRES', 1, 'B', 0, 0, 0, 0, 0, 0, 0, 0, 0, 0, 0, 0, 0, '0.00'),
(63, 10, 3, 8, 69, 12573796, 'VICTOR ACACIO', 1, 'B', 0, 0, 0, 0, 0, 0, 0, 0, 0, 0, 0, 0, 0, '0.00'),
(64, 10, 3, 8, 70, 13699347, 'ELVIS HERNANDEZ', 1, 'B', 1, 0, 0, 0, 0, 0, 0, 0, 0, 1, 1, 0, 0, '2.50'),
(65, 10, 3, 8, 71, 13571900, 'GLEN RODRIGUEZ', 2, 'B', 4, 0, 0, 0, 0, 0, 0, 0, 0, 2, 4, 0, 0, '10.00'),
(66, 10, 3, 8, 72, 13518163, 'LEONARDO MATINEZ', 2, 'B', 1, 1, 0, 0, 0, 2, 1, 0, 0, 2, 1, 1, 1000, '2.50'),
(67, 10, 3, 8, 73, 15818218, 'LUIS AULAR', 1, 'B', 1, 0, 0, 0, 0, 0, 0, 0, 0, 1, 1, 0, 0, '2.50'),
(68, 10, 3, 8, 74, 14958431, 'ALEXANDER GALLARDO', 2, 'B', 1, 0, 0, 0, 0, 0, 0, 0, 0, 2, 1, 0, 0, '2.50'),
(69, 10, 3, 8, 75, 15473439, 'ALVARO FARFAN', 2, 'B', 3, 1, 0, 0, 0, 0, 0, 1, 1, 2, 3, 1, 333, '7.50'),
(70, 10, 3, 8, 76, 15364253, 'LUIS LOPEZ', 1, 'B', 0, 0, 0, 0, 0, 0, 0, 0, 0, 0, 0, 0, 0, '0.00'),
(71, 10, 3, 8, 77, 15077079, 'BRIGMEL LABRADOR', 2, 'B', 5, 0, 0, 0, 0, 1, 0, 0, 0, 2, 5, 0, 0, '12.50'),
(72, 10, 3, 8, 78, 15123236, 'AL GARCIA', 2, 'B', 3, 0, 1, 1, 0, 1, 3, 0, 1, 2, 3, 2, 667, '7.50'),
(73, 10, 3, 8, 79, 15486208, 'NERIO RIVERO', 2, 'B', 6, 3, 0, 0, 0, 0, 0, 0, 0, 2, 6, 3, 500, '15.00'),
(74, 10, 3, 8, 81, 16113286, 'SOCRATES PONCE', 1, 'B', 0, 0, 0, 0, 0, 0, 0, 0, 0, 0, 0, 0, 0, '0.00'),
(75, 10, 3, 8, 82, 16131931, 'OMAR PEREZ', 2, 'B', 2, 0, 0, 0, 0, 0, 0, 0, 0, 2, 2, 0, 0, '5.00'),
(76, 10, 3, 8, 83, 16764376, 'JOSE ZAMBRANO', 1, 'B', 0, 0, 0, 0, 0, 0, 0, 0, 0, 0, 0, 0, 0, '0.00'),
(77, 10, 3, 8, 84, 17366113, 'DIEGO CARDENAS', 2, 'B', 4, 1, 0, 0, 0, 0, 1, 1, 1, 1, 4, 1, 250, '10.00'),
(78, 9, 3, 7, 133, 16851920, 'FRANKLIN RODRIGUEZ', 1, 'B', 3, 0, 0, 0, 0, 0, 0, 0, 0, 1, 3, 0, 0, '7.50'),
(79, 9, 3, 7, 134, 16436410, 'RAUL GOMEZ', 2, 'B', 5, 1, 0, 0, 1, 1, 0, 0, 2, 2, 5, 2, 400, '12.50'),
(80, 9, 3, 7, 135, 9809134, 'ALEXANDER GARCIA', 2, 'B', 7, 4, 0, 0, 0, 0, 3, 0, 0, 2, 7, 4, 571, '17.50'),
(81, 9, 3, 7, 136, 12118541, 'JOSE AREVALO', 2, 'B', 1, 0, 0, 0, 0, 0, 0, 1, 0, 1, 1, 0, 0, '2.50'),
(82, 9, 3, 7, 137, 11087851, 'WILSON GRAFF', 1, 'B', 1, 0, 0, 0, 0, 0, 0, 0, 0, 1, 1, 0, 0, '2.50'),
(83, 9, 3, 7, 138, 8728615, 'VICENTE COLMENARES', 1, 'B', 0, 0, 0, 0, 0, 0, 0, 0, 0, 0, 0, 0, 0, '0.00'),
(84, 9, 3, 7, 139, 16765346, 'PEDRO SOLORZANO', 1, 'B', 0, 0, 0, 0, 0, 0, 0, 0, 0, 0, 0, 0, 0, '0.00'),
(85, 9, 3, 7, 140, 14970916, 'OVIOMAR VARGAS', 1, 'B', 0, 0, 0, 0, 0, 1, 0, 0, 0, 1, 0, 0, 0, '0.00'),
(86, 9, 3, 7, 141, 10757776, 'DANIEL VIVAS', 1, 'B', 0, 0, 0, 0, 0, 1, 0, 0, 0, 1, 0, 0, 0, '0.00'),
(87, 9, 3, 7, 142, 14109916, 'ELBER NARANJO', 1, 'B', 0, 0, 0, 0, 0, 0, 0, 0, 0, 0, 0, 0, 0, '0.00'),
(88, 9, 3, 7, 143, 11844865, 'JULIO SANCHEZ', 2, 'B', 4, 2, 0, 0, 0, 2, 0, 0, 0, 2, 4, 2, 500, '10.00'),
(89, 9, 3, 7, 144, 10755466, 'GIOVANI MENDEZ', 2, 'B', 4, 2, 0, 0, 0, 1, 1, 0, 0, 2, 4, 2, 500, '10.00'),
(90, 9, 3, 7, 145, 12000947, 'FRANCISCO TOVAR', 1, 'B', 0, 0, 0, 0, 0, 0, 0, 0, 0, 0, 0, 0, 0, '0.00'),
(91, 9, 3, 7, 146, 11976033, 'JUAN MIJARES', 1, 'B', 0, 0, 0, 0, 0, 0, 0, 0, 0, 0, 0, 0, 0, '0.00'),
(92, 9, 3, 7, 147, 12117542, 'BERRO SILVA', 1, 'B', 1, 0, 0, 0, 0, 0, 0, 0, 1, 1, 1, 0, 0, '2.50'),
(93, 9, 3, 7, 148, 12145449, 'BENARDO TOVAR', 2, 'B', 4, 1, 0, 0, 0, 0, 0, 1, 0, 2, 4, 1, 250, '10.00'),
(94, 9, 3, 7, 149, 9677740, 'WILMER CABRERA', 2, 'B', 6, 0, 0, 1, 0, 1, 3, 0, 1, 1, 6, 1, 167, '15.00'),
(95, 9, 3, 7, 150, 11091394, 'ELVIS BORROS', 1, 'B', 1, 0, 0, 0, 0, 0, 0, 0, 0, 1, 1, 0, 0, '2.50'),
(96, 9, 3, 7, 151, 144786360, 'JESUS COLINA', 1, 'B', 0, 0, 0, 0, 0, 0, 0, 0, 0, 0, 0, 0, 0, '0.00'),
(97, 9, 3, 7, 152, 12610857, 'GERMAN CAMACHO', 1, 'B', 1, 0, 0, 0, 0, 0, 0, 1, 0, 1, 1, 0, 0, '2.50'),
(98, 9, 3, 7, 153, 11093511, 'JULIO VILLAMIZAR', 2, 'B', 5, 0, 0, 1, 0, 2, 1, 0, 0, 2, 5, 1, 200, '12.50'),
(99, 9, 3, 7, 154, 14943322, 'DUGLAS CASTILLO', 2, 'B', 4, 3, 0, 0, 0, 1, 1, 0, 1, 2, 4, 3, 750, '10.00'),
(100, 9, 3, 7, 155, 16236521, 'FELIX HERRERA', 2, 'B', 4, 0, 0, 0, 0, 0, 0, 1, 0, 1, 4, 0, 0, '10.00'),
(101, 9, 3, 7, 156, 12640549, 'JUAN GUILLEN', 1, 'B', 0, 0, 0, 0, 0, 0, 0, 0, 0, 0, 0, 0, 0, '0.00'),
(102, 9, 3, 7, 157, 15302214, 'SILFREDO GOMEZ', 2, 'B', 5, 1, 0, 0, 1, 2, 1, 0, 0, 1, 5, 2, 400, '12.50'),
(103, 9, 3, 7, 158, 15302214, 'CARLOS REQUENA', 1, 'B', 0, 0, 0, 0, 0, 0, 0, 0, 0, 0, 0, 0, 0, '0.00'),
(104, 7, 3, 6, 29, 10759764, 'RUBEN SANTAMARIA', 2, 'B', 7, 1, 0, 0, 1, 1, 3, 1, 0, 2, 7, 2, 286, '17.50'),
(105, 7, 3, 6, 30, 7221942, 'VICTOR RAMIREZ', 2, 'B', 5, 0, 0, 0, 0, 1, 0, 2, 3, 1, 5, 0, 0, '12.50'),
(106, 7, 3, 6, 31, 9675541, 'ROBERTO LATULF', 2, 'B', 3, 0, 1, 0, 0, 1, 1, 0, 1, 1, 3, 1, 333, '7.50'),
(107, 7, 3, 6, 32, 14492217, 'RAFAEL BORGUES', 1, 'B', 0, 0, 0, 0, 0, 0, 0, 0, 0, 0, 0, 0, 0, '0.00'),
(108, 7, 3, 6, 33, 14741990, 'JOGUYS NAVARRO', 2, 'B', 4, 1, 1, 0, 0, 1, 3, 0, 0, 1, 4, 2, 500, '10.00'),
(109, 7, 3, 6, 34, 9673758, 'DANNY CARVETTI', 1, 'B', 0, 0, 0, 0, 0, 0, 0, 0, 0, 0, 0, 0, 0, '0.00'),
(110, 7, 3, 6, 35, 13201885, 'ALIRIO NUÑEZ', 1, 'B', 3, 0, 1, 0, 0, 1, 1, 0, 0, 1, 3, 1, 333, '7.50'),
(111, 7, 3, 6, 36, 7265878, 'JHONNY BLANCO', 1, 'B', 0, 0, 0, 0, 0, 0, 0, 0, 0, 0, 0, 0, 0, '0.00'),
(112, 7, 3, 6, 37, 14430679, 'ROGER RODRIGUEZ', 2, 'B', 4, 0, 0, 0, 0, 0, 0, 0, 0, 1, 4, 0, 0, '10.00'),
(113, 7, 3, 6, 38, 12609540, 'WILLIANS SOJO', 1, 'B', 0, 0, 0, 0, 0, 0, 0, 0, 0, 0, 0, 0, 0, '0.00'),
(114, 7, 3, 6, 39, 13199373, 'HERMES FLORES', 2, 'B', 7, 2, 1, 1, 0, 2, 1, 1, 0, 2, 7, 4, 571, '17.50'),
(115, 7, 3, 6, 40, 14491156, 'IRWIN CENTENO', 2, 'B', 6, 3, 1, 0, 0, 1, 1, 0, 1, 2, 6, 4, 667, '15.00'),
(116, 7, 3, 6, 41, 7248792, 'TRINO GUERRA', 1, 'B', 0, 0, 0, 0, 0, 0, 0, 0, 0, 0, 0, 0, 0, '0.00'),
(117, 7, 3, 6, 42, 10157676, 'MARTIN MENDOZA', 1, 'B', 0, 0, 0, 0, 0, 0, 0, 0, 0, 0, 0, 0, 0, '0.00'),
(118, 7, 3, 6, 43, 7274224, 'JORGE LOPEZ', 1, 'B', 0, 0, 0, 0, 0, 0, 0, 0, 0, 0, 0, 0, 0, '0.00'),
(119, 7, 3, 6, 44, 15532939, 'ADRIAN FIGUEREDO', 1, 'B', 3, 0, 0, 0, 0, 0, 0, 0, 0, 1, 3, 0, 0, '7.50'),
(120, 7, 3, 6, 45, 9668617, 'GREGORIO LOPEZ', 2, 'B', 7, 3, 0, 0, 0, 1, 0, 1, 0, 2, 7, 3, 429, '17.50'),
(121, 7, 3, 6, 46, 12167241, 'WOLFRANDO TORRES', 2, 'B', 3, 1, 1, 0, 0, 2, 1, 0, 1, 1, 3, 2, 667, '7.50'),
(122, 7, 3, 6, 47, 9680323, 'RAFAEL FERNANDEZ', 1, 'B', 0, 0, 0, 0, 0, 0, 0, 0, 0, 0, 0, 0, 0, '0.00'),
(123, 7, 3, 6, 48, 9644489, 'JANICCIO MORONTA', 1, 'B', 3, 0, 0, 0, 0, 0, 0, 0, 0, 1, 3, 0, 0, '7.50'),
(124, 7, 3, 6, 49, 11115644, 'DAVID CONTRERAS', 1, 'B', 2, 0, 0, 0, 0, 0, 0, 0, 0, 1, 2, 0, 0, '5.00'),
(125, 7, 3, 6, 50, 9693651, 'RICHARD ROJAS', 1, 'B', 0, 0, 0, 0, 0, 0, 0, 0, 0, 0, 0, 0, 0, '0.00'),
(126, 11, 3, 9, 159, 6175223, 'JOSE VELIZ', 1, 'B', 2, 0, 0, 0, 0, 0, 0, 0, 1, 1, 2, 0, 0, '5.00'),
(127, 11, 3, 9, 160, 14478636, 'DARIO COLINA', 1, 'B', 0, 0, 0, 0, 0, 0, 0, 0, 0, 0, 0, 0, 0, '0.00'),
(128, 11, 3, 9, 161, 9654897, 'EUGENIO CHIPRE', 1, 'B', 2, 0, 0, 0, 0, 0, 0, 1, 0, 0, 2, 0, 0, '5.00'),
(129, 11, 3, 9, 162, 12103155, 'ASDRUBAL BRAVO', 1, 'B', 0, 0, 0, 0, 0, 0, 0, 0, 0, 0, 0, 0, 0, '0.00'),
(130, 11, 3, 9, 163, 7190189, 'CARLOS ESPINOZA', 1, 'B', 0, 0, 0, 0, 0, 0, 0, 0, 0, 1, 0, 0, 0, '0.00'),
(131, 11, 3, 9, 164, 15532706, 'JOSE LOPEZ', 1, 'B', 0, 0, 0, 0, 0, 0, 0, 0, 0, 0, 0, 0, 0, '0.00'),
(132, 11, 3, 9, 165, 15865709, 'GUSTAVO ROSAS', 1, 'B', 2, 1, 0, 0, 0, 1, 0, 1, 0, 1, 2, 1, 500, '5.00'),
(133, 11, 3, 9, 166, 7236986, 'REINEIRO LATUFF', 1, 'B', 0, 0, 0, 0, 0, 0, 0, 0, 0, 0, 0, 0, 0, '0.00'),
(134, 11, 3, 9, 167, 9697959, 'JOSE GALLARDO', 1, 'B', 0, 0, 0, 0, 0, 0, 0, 0, 0, 1, 0, 0, 0, '0.00'),
(135, 11, 3, 9, 168, 15610682, 'EDWIN GUZMAN', 1, 'B', 0, 0, 0, 0, 0, 0, 0, 0, 0, 0, 0, 0, 0, '0.00'),
(136, 11, 3, 9, 169, 15077011, 'DANIEL RODRIGUEZ', 1, 'B', 2, 0, 0, 0, 0, 0, 0, 1, 0, 1, 2, 0, 0, '5.00'),
(137, 11, 3, 9, 170, 14230426, 'JOHAN SUAREZ', 1, 'B', 3, 0, 0, 0, 1, 1, 0, 0, 0, 1, 3, 1, 333, '7.50'),
(138, 11, 3, 9, 171, 14355887, 'MARIO SUMOZA', 1, 'B', 3, 1, 0, 0, 0, 0, 0, 0, 0, 1, 3, 1, 333, '7.50'),
(139, 11, 3, 9, 172, 16291878, 'ARMANDO ROMERO', 1, 'B', 3, 0, 0, 1, 0, 0, 1, 1, 0, 1, 3, 1, 333, '7.50'),
(140, 11, 3, 9, 173, 14872733, 'RAFAEL BASTOS', 1, 'B', 2, 1, 0, 0, 0, 1, 0, 0, 1, 1, 2, 1, 500, '5.00'),
(141, 11, 3, 9, 174, 2903498, 'FREDDY JURADO', 1, 'B', 0, 0, 0, 0, 0, 0, 0, 0, 0, 1, 0, 0, 0, '0.00'),
(142, 11, 3, 9, 175, 7250733, 'JOSE ORTEGA', 1, 'B', 1, 0, 0, 0, 0, 0, 0, 0, 0, 1, 1, 0, 0, '2.50'),
(143, 11, 3, 9, 176, 7274297, 'FRANCHE COPPOLA', 1, 'B', 1, 0, 0, 0, 0, 0, 0, 0, 0, 1, 1, 0, 0, '2.50'),
(144, 11, 3, 9, 177, 9523666, 'JOGLYS RODRIGUEZ', 1, 'B', 2, 1, 0, 0, 0, 0, 0, 0, 0, 1, 2, 1, 500, '5.00'),
(145, 11, 3, 9, 178, 12877243, 'FRANK GONZALEZ', 1, 'B', 0, 0, 0, 0, 0, 0, 0, 0, 0, 0, 0, 0, 0, '0.00'),
(146, 11, 3, 9, 179, 6827019, 'JOSE GUERRA', 1, 'B', 0, 0, 0, 0, 0, 0, 0, 0, 0, 1, 0, 0, 0, '0.00'),
(147, 11, 3, 9, 180, 12565067, 'ANTONIO ROSAS', 1, 'B', 0, 0, 0, 0, 0, 0, 0, 0, 0, 0, 0, 0, 0, '0.00'),
(148, 11, 3, 9, 181, 12137862, 'JOSE OSORIO', 1, 'B', 2, 0, 0, 0, 0, 1, 0, 0, 1, 1, 2, 0, 0, '5.00'),
(149, 11, 3, 9, 183, 9697407, 'ARNALDO MANRIQUE', 1, 'B', 2, 2, 0, 0, 0, 0, 1, 0, 0, 1, 2, 2, 1000, '5.00'),
(150, 11, 3, 9, 184, 7245014, 'BAUDILIO SILVA', 1, 'B', 0, 0, 0, 0, 0, 0, 0, 0, 0, 0, 0, 0, 0, '0.00'),
(151, 11, 3, 9, 185, 11093831, 'FRANCISCO FIGUERA', 1, 'B', 1, 0, 0, 0, 0, 0, 0, 1, 0, 1, 1, 0, 0, '2.50'),
(152, 8, 3, 5, 5, 7258749, 'VALENTIN RODRIGUEZ', 1, 'B', 0, 0, 0, 0, 0, 0, 0, 0, 0, 0, 0, 0, 0, '0.00'),
(153, 8, 3, 5, 6, 11088931, 'VICTOR GARCIA', 1, 'B', 3, 0, 0, 0, 0, 0, 0, 0, 0, 1, 3, 0, 0, '7.50'),
(154, 8, 3, 5, 7, 9507445, 'AUDORO RODRIGUEZ', 1, 'B', 3, 0, 0, 0, 0, 0, 0, 1, 0, 1, 3, 0, 0, '7.50'),
(155, 8, 3, 5, 8, 13198163, 'OMAR ORTEGA', 1, 'B', 2, 1, 0, 1, 0, 0, 0, 0, 0, 1, 2, 2, 1000, '5.00'),
(156, 8, 3, 5, 9, 11986071, 'VICTOR LOPEZ', 1, 'B', 0, 0, 0, 0, 0, 0, 0, 0, 0, 0, 0, 0, 0, '0.00'),
(157, 8, 3, 5, 10, 1076656510, 'JAIME TORRE', 1, 'B', 0, 0, 0, 0, 0, 0, 0, 0, 0, 0, 0, 0, 0, '0.00'),
(158, 8, 3, 5, 11, 12855456, 'ROLANDO CASTILLO', 1, 'B', 0, 0, 0, 0, 0, 0, 0, 0, 0, 0, 0, 0, 0, '0.00'),
(159, 8, 3, 5, 12, 10752631, 'VICTOR ORAMAS', 1, 'B', 0, 0, 0, 0, 0, 0, 0, 0, 0, 0, 0, 0, 0, '0.00'),
(160, 8, 3, 5, 13, 10457594, 'JOSE GUEVARA', 1, 'B', 2, 0, 0, 0, 0, 0, 0, 2, 0, 1, 2, 0, 0, '5.00'),
(161, 8, 3, 5, 16, 9693994, 'JOSE MARCHAN', 1, 'B', 2, 0, 0, 0, 0, 0, 0, 0, 0, 1, 2, 0, 0, '5.00'),
(162, 8, 3, 5, 17, 11357055, 'JUAN MENDEZ', 1, 'B', 0, 0, 0, 0, 0, 0, 0, 0, 0, 0, 0, 0, 0, '0.00'),
(163, 8, 3, 5, 18, 9643300, 'ROBERTO OJEDA', 1, 'B', 3, 0, 0, 0, 0, 0, 0, 0, 0, 1, 3, 0, 0, '7.50'),
(164, 8, 3, 5, 19, 10752036, 'LUIS GONZALEZ', 1, 'B', 2, 0, 0, 0, 0, 0, 0, 1, 1, 1, 2, 0, 0, '5.00'),
(165, 8, 3, 5, 21, 12568821, 'RENE PINTO', 1, 'B', 0, 0, 0, 0, 0, 0, 0, 0, 0, 0, 0, 0, 0, '0.00'),
(166, 8, 3, 5, 22, 11356851, 'DAVID BERMUDEZ', 1, 'B', 3, 0, 0, 0, 0, 0, 0, 0, 0, 1, 3, 0, 0, '7.50'),
(167, 8, 3, 5, 24, 12565551, 'HECTOR ALVARADO', 1, 'B', 2, 1, 0, 0, 0, 0, 0, 0, 0, 1, 2, 1, 500, '5.00'),
(168, 8, 3, 5, 25, 11088913, 'ISMELDO DIAZ', 1, 'B', 3, 1, 0, 0, 0, 0, 0, 0, 0, 1, 3, 1, 333, '7.50'),
(169, 8, 3, 5, 26, 11184288, 'ANDRY MENDEZ', 1, 'B', 0, 0, 0, 0, 0, 0, 0, 0, 0, 0, 0, 0, 0, '0.00'),
(170, 8, 3, 5, 28, 9680323, 'FERNANDEZ RAFAEL', 1, 'B', 0, 0, 0, 0, 0, 0, 0, 0, 0, 0, 0, 0, 0, '0.00'),
(171, 8, 3, 5, 51, 12341037, 'DOMINGO TORRES', 1, 'B', 0, 0, 0, 0, 0, 0, 0, 0, 0, 0, 0, 0, 0, '0.00'),
(172, 8, 3, 5, 52, 11085979, 'JUAN  PEREZ', 1, 'B', 0, 0, 0, 0, 0, 0, 0, 0, 0, 0, 0, 0, 0, '0.00'),
(173, 8, 3, 5, 53, 10750199, 'VICTOR HERNANDEZ', 1, 'B', 0, 0, 0, 0, 0, 0, 0, 0, 0, 0, 0, 0, 0, '0.00'),
(174, 8, 3, 5, 54, 13907488, 'LANNY HERNANDEZ', 1, 'B', 0, 0, 0, 0, 0, 0, 0, 0, 0, 0, 0, 0, 0, '0.00'),
(175, 8, 3, 5, 55, 12452451, 'ENDER ANTUNEZ', 1, 'B', 0, 0, 0, 0, 0, 0, 0, 0, 0, 0, 0, 0, 0, '0.00'),
(176, 8, 3, 5, 56, 14319145, 'GABRIEL LIRA', 1, 'B', 0, 0, 0, 0, 0, 0, 0, 0, 0, 0, 0, 0, 0, '0.00'),
(177, 13, 4, 12, 186, 4305940, 'ALEXIS GONZALEZ', 1, 'C', 0, 0, 0, 0, 0, 0, 0, 0, 0, 0, 0, 0, 0, '0.00'),
(178, 13, 4, 12, 187, 9645519, 'EMILIO CONDE', 1, 'C', 0, 0, 0, 0, 0, 0, 0, 0, 0, 0, 0, 0, 0, '0.00'),
(179, 13, 4, 12, 188, 6315372, 'RUSMEL CAMARIPANO', 1, 'C', 0, 0, 0, 0, 0, 0, 0, 0, 0, 0, 0, 0, 0, '0.00'),
(180, 13, 4, 12, 189, 7181992, 'ISRAEL MENDEZ', 1, 'C', 0, 0, 0, 0, 0, 0, 0, 0, 0, 0, 0, 0, 0, '0.00'),
(181, 13, 4, 12, 190, 3291020, 'PEDRO ECHENIQUE', 1, 'C', 0, 0, 0, 0, 0, 0, 0, 0, 0, 0, 0, 0, 0, '0.00'),
(182, 13, 4, 12, 191, 10616621, 'JOEL GARCIA', 1, 'C', 0, 0, 0, 0, 0, 0, 0, 0, 0, 0, 0, 0, 0, '0.00'),
(183, 13, 4, 12, 192, 9994397, 'GIOVANI MENDEZ', 1, 'C', 0, 0, 0, 0, 0, 0, 0, 0, 0, 0, 0, 0, 0, '0.00'),
(184, 13, 4, 12, 193, 8728615, 'VICENTE COLMENARES', 1, 'C', 0, 0, 0, 0, 0, 0, 0, 0, 0, 0, 0, 0, 0, '0.00'),
(185, 13, 4, 12, 194, 9666483, 'JOSE CABEZAS', 1, 'C', 0, 0, 0, 0, 0, 0, 0, 0, 0, 0, 0, 0, 0, '0.00'),
(186, 13, 4, 12, 195, 10268601, 'HENRY CASTRO', 1, 'C', 0, 0, 0, 0, 0, 0, 0, 0, 0, 0, 0, 0, 0, '0.00'),
(187, 13, 4, 12, 196, 9435688, 'FRANKLIN RODRIGUEZ', 1, 'C', 0, 0, 0, 0, 0, 0, 0, 0, 0, 0, 0, 0, 0, '0.00'),
(188, 13, 4, 12, 197, 4399505, 'GENARO RIOS', 1, 'C', 0, 0, 0, 0, 0, 0, 0, 0, 0, 0, 0, 0, 0, '0.00'),
(189, 13, 4, 12, 198, 7249586, 'NESTOR SILVA', 1, 'C', 0, 0, 0, 0, 0, 0, 0, 0, 0, 0, 0, 0, 0, '0.00'),
(190, 13, 4, 12, 199, 9439870, 'JOSE G PEREZ', 1, 'C', 0, 0, 0, 0, 0, 0, 0, 0, 0, 0, 0, 0, 0, '0.00'),
(191, 13, 4, 12, 200, 9431695, 'FAUSTINO AMADOR', 1, 'C', 0, 0, 0, 0, 0, 0, 0, 0, 0, 0, 0, 0, 0, '0.00'),
(192, 13, 4, 12, 201, 9671575, 'JOSE MORALES', 1, 'C', 0, 0, 0, 0, 0, 0, 0, 0, 0, 0, 0, 0, 0, '0.00'),
(193, 13, 4, 12, 202, 9659955, 'JUAN MIJARES', 1, 'C', 0, 0, 0, 0, 0, 0, 0, 0, 0, 0, 0, 0, 0, '0.00'),
(194, 13, 4, 12, 203, 8852436, 'DIOGENES RODRIGUEZ', 1, 'C', 0, 0, 0, 0, 0, 0, 0, 0, 0, 0, 0, 0, 0, '0.00'),
(195, 13, 4, 12, 204, 9435476, 'YORMAN CARMONA', 1, 'C', 0, 0, 0, 0, 0, 0, 0, 0, 0, 0, 0, 0, 0, '0.00'),
(196, 13, 4, 12, 205, 8146462, 'JESUS GUTIERREZ', 1, 'C', 0, 0, 0, 0, 0, 0, 0, 0, 0, 0, 0, 0, 0, '0.00'),
(197, 13, 4, 12, 206, 4567942, 'NELSON ROMERO', 1, 'C', 0, 0, 0, 0, 0, 0, 0, 0, 0, 0, 0, 0, 0, '0.00'),
(198, 13, 4, 12, 207, 7227962, 'CARLOS MENDOZA', 1, 'C', 0, 0, 0, 0, 0, 0, 0, 0, 0, 0, 0, 0, 0, '0.00'),
(199, 13, 4, 12, 208, 8738099, 'JOSE PEREZ', 1, 'C', 0, 0, 0, 0, 0, 0, 0, 0, 0, 0, 0, 0, 0, '0.00'),
(200, 13, 4, 12, 209, 8152329, 'ORLANDO TOVAR', 1, 'C', 0, 0, 0, 0, 0, 0, 0, 0, 0, 0, 0, 0, 0, '0.00'),
(201, 14, 4, 14, 233, 9434343, 'FERNANDO RODRIGUEZ', 1, 'C', 0, 0, 0, 0, 0, 0, 0, 0, 0, 0, 0, 0, 0, '0.00'),
(202, 14, 4, 14, 234, 8727505, 'JOSE QUERALES', 1, 'C', 0, 0, 0, 0, 0, 0, 0, 0, 0, 0, 0, 0, 0, '0.00'),
(203, 14, 4, 14, 235, 5310323, 'DAVID BONALDE', 1, 'C', 0, 0, 0, 0, 0, 0, 0, 0, 0, 0, 0, 0, 0, '0.00'),
(204, 14, 4, 14, 236, 6920919, 'PEDRO RAMOS', 1, 'C', 0, 0, 0, 0, 0, 0, 0, 0, 0, 0, 0, 0, 0, '0.00'),
(205, 14, 4, 14, 237, 7214023, 'JOSE FRANCO', 1, 'C', 0, 0, 0, 0, 0, 0, 0, 0, 0, 0, 0, 0, 0, '0.00'),
(206, 14, 4, 14, 238, 11050087, 'GIOVANNY VARGAS', 1, 'C', 0, 0, 0, 0, 0, 0, 0, 0, 0, 0, 0, 0, 0, '0.00'),
(207, 14, 4, 14, 239, 6392387, 'FREDDY GONZALEZ', 1, 'C', 0, 0, 0, 0, 0, 0, 0, 0, 0, 0, 0, 0, 0, '0.00'),
(208, 14, 4, 14, 240, 6131581, 'JORGE INFANTE', 1, 'C', 0, 0, 0, 0, 0, 0, 0, 0, 0, 0, 0, 0, 0, '0.00'),
(209, 14, 4, 14, 241, 8570629, 'PABLO INFANTE', 1, 'C', 0, 0, 0, 0, 0, 0, 0, 0, 0, 0, 0, 0, 0, '0.00'),
(210, 14, 4, 14, 242, 5278302, 'ANGEL QUINTERO', 1, 'C', 0, 0, 0, 0, 0, 0, 0, 0, 0, 0, 0, 0, 0, '0.00'),
(211, 14, 4, 14, 243, 9416279, 'CASTOR MORA', 1, 'C', 0, 0, 0, 0, 0, 0, 0, 0, 0, 0, 0, 0, 0, '0.00'),
(212, 14, 4, 14, 244, 9648551, 'YLDELGAR RODRIGUEZ', 1, 'C', 0, 0, 0, 0, 0, 0, 0, 0, 0, 0, 0, 0, 0, '0.00'),
(213, 14, 4, 14, 245, 8735553, 'NELSON CONTRERAS', 1, 'C', 0, 0, 0, 0, 0, 0, 0, 0, 0, 0, 0, 0, 0, '0.00'),
(214, 14, 4, 14, 246, 9679119, 'IVAN ZAPATA', 1, 'C', 0, 0, 0, 0, 0, 0, 0, 0, 0, 0, 0, 0, 0, '0.00'),
(215, 14, 4, 14, 247, 7248792, 'TRINO GUERRA', 1, 'C', 0, 0, 0, 0, 0, 0, 0, 0, 0, 0, 0, 0, 0, '0.00'),
(216, 14, 4, 14, 248, 11689808, 'WILMER SILVA', 1, 'C', 0, 0, 0, 0, 0, 0, 0, 0, 0, 0, 0, 0, 0, '0.00'),
(217, 14, 4, 14, 249, 6652018, 'AURELIO ZORRILLA', 1, 'C', 0, 0, 0, 0, 0, 0, 0, 0, 0, 0, 0, 0, 0, '0.00'),
(218, 14, 4, 14, 250, 10236090, 'DEGNIS CHOURIO', 1, 'C', 0, 0, 0, 0, 0, 0, 0, 0, 0, 0, 0, 0, 0, '0.00'),
(219, 14, 4, 14, 251, 7075317, 'ENDER GOLIAT', 1, 'C', 0, 0, 0, 0, 0, 0, 0, 0, 0, 0, 0, 0, 0, '0.00'),
(220, 14, 4, 14, 252, 7204439, 'OSWALDO SANCHEZ', 1, 'C', 0, 0, 0, 0, 0, 0, 0, 0, 0, 0, 0, 0, 0, '0.00'),
(221, 14, 4, 14, 253, 9657589, 'MIGUEL CHAVEZ', 1, 'C', 0, 0, 0, 0, 0, 0, 0, 0, 0, 0, 0, 0, 0, '0.00'),
(222, 15, 4, 16, 278, 5277430, 'EDUARDO PERDOMO', 1, 'C', 0, 0, 0, 0, 0, 0, 0, 0, 0, 0, 0, 0, 0, '0.00'),
(223, 15, 4, 16, 279, 8788252, 'MIGUEL NARANJO', 1, 'C', 0, 0, 0, 0, 0, 0, 0, 0, 0, 0, 0, 0, 0, '0.00'),
(224, 15, 4, 16, 280, 8687290, 'HENDER FERNANDEZ', 1, 'C', 0, 0, 0, 0, 0, 0, 0, 0, 0, 0, 0, 0, 0, '0.00'),
(225, 15, 4, 16, 281, 7684415, 'CARLOS LARA', 1, 'C', 0, 0, 0, 0, 0, 0, 0, 0, 0, 0, 0, 0, 0, '0.00'),
(226, 15, 4, 16, 282, 7235602, 'ANIBAL TORO', 1, 'C', 0, 0, 0, 0, 0, 0, 0, 0, 0, 0, 0, 0, 0, '0.00'),
(227, 15, 4, 16, 283, 8331228, 'JOSE MELEAN', 1, 'C', 0, 0, 0, 0, 0, 0, 0, 0, 0, 0, 0, 0, 0, '0.00'),
(228, 15, 4, 16, 284, 10182390, 'PEDRO ALVAREZ', 1, 'C', 0, 0, 0, 0, 0, 0, 0, 0, 0, 0, 0, 0, 0, '0.00'),
(229, 15, 4, 16, 285, 7273339, 'HERMES ROCHE', 1, 'C', 0, 0, 0, 0, 0, 0, 0, 0, 0, 0, 0, 0, 0, '0.00'),
(230, 15, 4, 16, 286, 7251949, 'MANUEL BANDREZ', 1, 'C', 0, 0, 0, 0, 0, 0, 0, 0, 0, 0, 0, 0, 0, '0.00'),
(231, 15, 4, 16, 287, 6328798, 'FREDDY GUERRERO', 1, 'C', 0, 0, 0, 0, 0, 0, 0, 0, 0, 0, 0, 0, 0, '0.00'),
(232, 15, 4, 16, 288, 9672115, 'PEDRO QUIROGA', 1, 'C', 0, 0, 0, 0, 0, 0, 0, 0, 0, 0, 0, 0, 0, '0.00'),
(233, 15, 4, 16, 289, 8263787, 'ALEXIS CAMPERO', 1, 'C', 0, 0, 0, 0, 0, 0, 0, 0, 0, 0, 0, 0, 0, '0.00'),
(234, 15, 4, 16, 290, 10379037, 'FRANCISCO GUTIERREZ', 1, 'C', 0, 0, 0, 0, 0, 0, 0, 0, 0, 0, 0, 0, 0, '0.00'),
(235, 15, 4, 16, 291, 9664547, 'OSCAR ALVAREZ', 1, 'C', 0, 0, 0, 0, 0, 0, 0, 0, 0, 0, 0, 0, 0, '0.00'),
(236, 15, 4, 16, 292, 11043270, 'OSCAR CARVALHEIRA', 1, 'C', 0, 0, 0, 0, 0, 0, 0, 0, 0, 0, 0, 0, 0, '0.00'),
(237, 15, 4, 16, 293, 9680821, 'JUAN PACHECO', 1, 'C', 0, 0, 0, 0, 0, 0, 0, 0, 0, 0, 0, 0, 0, '0.00'),
(238, 15, 4, 16, 294, 10687531, 'JOSE GUILLEN', 1, 'C', 0, 0, 0, 0, 0, 0, 0, 0, 0, 0, 0, 0, 0, '0.00'),
(239, 15, 4, 16, 295, 11761472, 'JOSE PEREZ', 1, 'C', 0, 0, 0, 0, 0, 0, 0, 0, 0, 0, 0, 0, 0, '0.00'),
(240, 15, 4, 16, 296, 9679841, 'ROBERTO PIUNNO', 1, 'C', 0, 0, 0, 0, 0, 0, 0, 0, 0, 0, 0, 0, 0, '0.00'),
(241, 15, 4, 16, 297, 12333784, 'EFRAIN GALENO', 1, 'C', 0, 0, 0, 0, 0, 0, 0, 0, 0, 0, 0, 0, 0, '0.00'),
(242, 15, 4, 16, 298, 9670644, 'alguien mas', 1, 'C', 0, 0, 0, 0, 0, 0, 0, 0, 0, 0, 0, 0, 0, '0.00'),
(243, 16, 5, 19, 338, 9659955, 'JUAN MIJARES', 1, 'D', 0, 0, 0, 0, 0, 0, 0, 0, 0, 0, 0, 0, 0, '0.00'),
(244, 16, 5, 19, 339, 6392387, 'FREDDY GONZALEZ', 1, 'D', 0, 0, 0, 0, 0, 0, 0, 0, 0, 0, 0, 0, 0, '0.00'),
(245, 16, 5, 19, 340, 5265950, 'JORGE OJEDA', 1, 'D', 0, 0, 0, 0, 0, 0, 0, 0, 0, 0, 0, 0, 0, '0.00'),
(246, 16, 5, 19, 341, 5278302, 'ANGEL QUINTERO', 1, 'D', 0, 0, 0, 0, 0, 0, 0, 0, 0, 0, 0, 0, 0, '0.00'),
(247, 16, 5, 19, 342, 5613598, 'TOMAS BRICEÑO', 1, 'D', 0, 0, 0, 0, 0, 0, 0, 0, 0, 0, 0, 0, 0, '0.00'),
(248, 16, 5, 19, 343, 7223301, 'DANIEL RODRIGUEZ', 1, 'D', 0, 0, 0, 0, 0, 0, 0, 0, 0, 0, 0, 0, 0, '0.00'),
(249, 16, 5, 19, 344, 6131581, 'JORGE INFANTE', 1, 'D', 0, 0, 0, 0, 0, 0, 0, 0, 0, 0, 0, 0, 0, '0.00'),
(250, 16, 5, 19, 345, 7201580, 'ELVIS CHAVEZ', 1, 'D', 0, 0, 0, 0, 0, 0, 0, 0, 0, 0, 0, 0, 0, '0.00'),
(251, 16, 5, 19, 346, 5859580, 'JOSE CARABALLO', 1, 'D', 0, 0, 0, 0, 0, 0, 0, 0, 0, 0, 0, 0, 0, '0.00'),
(252, 16, 5, 19, 347, 8480982, 'FREDDY LEZAMA', 1, 'D', 0, 0, 0, 0, 0, 0, 0, 0, 0, 0, 0, 0, 0, '0.00'),
(253, 16, 5, 19, 348, 8369661, 'RONNY RODRIGUEZ', 1, 'D', 0, 0, 0, 0, 0, 0, 0, 0, 0, 0, 0, 0, 0, '0.00'),
(254, 16, 5, 19, 349, 8727505, 'JOSE QUERALES', 1, 'D', 0, 0, 0, 0, 0, 0, 0, 0, 0, 0, 0, 0, 0, '0.00'),
(255, 16, 5, 19, 350, 5310323, 'DAVID BONALDE', 1, 'D', 0, 0, 0, 0, 0, 0, 0, 0, 0, 0, 0, 0, 0, '0.00'),
(256, 16, 5, 19, 351, 6871907, 'JOSE HERNANDEZ', 1, 'D', 0, 0, 0, 0, 0, 0, 0, 0, 0, 0, 0, 0, 0, '0.00'),
(257, 16, 5, 19, 352, 6920919, 'PEDRO RAMOS', 1, 'D', 0, 0, 0, 0, 0, 0, 0, 0, 0, 0, 0, 0, 0, '0.00'),
(258, 16, 5, 19, 353, 7231982, 'WILFREDO GARCIA', 1, 'D', 0, 0, 0, 0, 0, 0, 0, 0, 0, 0, 0, 0, 0, '0.00'),
(259, 16, 5, 19, 354, 8728473, 'ENRIQUE OVALLES', 1, 'D', 0, 0, 0, 0, 0, 0, 0, 0, 0, 0, 0, 0, 0, '0.00'),
(260, 16, 5, 19, 355, 8146462, 'JESUS GUTIERREZ', 1, 'D', 0, 0, 0, 0, 0, 0, 0, 0, 0, 0, 0, 0, 0, '0.00'),
(261, 16, 5, 19, 356, 6487497, 'ALEXIS SOLORZANO', 1, 'D', 0, 0, 0, 0, 0, 0, 0, 0, 0, 0, 0, 0, 0, '0.00'),
(262, 16, 5, 19, 357, 5279607, 'SERGIO OCHOA', 1, 'D', 0, 0, 0, 0, 0, 0, 0, 0, 0, 0, 0, 0, 0, '0.00'),
(263, 16, 5, 19, 358, 7270961, 'GUSTAVO GONZALEZ', 1, 'D', 0, 0, 0, 0, 0, 0, 0, 0, 0, 0, 0, 0, 0, '0.00'),
(264, 19, 6, 4, 112, 9439237, 'JOSE ROJAS', 1, 'B', 0, 0, 0, 0, 0, 0, 0, 0, 0, 0, 0, 0, 0, '0.00'),
(265, 19, 6, 4, 113, 9679218, 'FRANKLIN APARICIO', 1, 'B', 0, 0, 0, 0, 0, 0, 0, 0, 0, 0, 0, 0, 0, '0.00'),
(266, 19, 6, 4, 114, 10753762, 'GILBERTO LUNA', 1, 'B', 0, 0, 0, 0, 0, 0, 0, 0, 0, 0, 0, 0, 0, '0.00'),
(267, 19, 6, 4, 115, 11093649, 'HERNAN TORREALBA', 1, 'B', 0, 0, 0, 0, 0, 0, 0, 0, 0, 0, 0, 0, 0, '0.00'),
(268, 19, 6, 4, 116, 13625600, 'DENIS SOLIS', 1, 'B', 0, 0, 0, 0, 0, 0, 0, 0, 0, 0, 0, 0, 0, '0.00'),
(269, 19, 6, 4, 117, 12568316, 'LUIS CASTELLANO', 1, 'B', 0, 0, 0, 0, 0, 0, 0, 0, 0, 0, 0, 0, 0, '0.00'),
(270, 19, 6, 4, 118, 13780614, 'FREDERIN GUEVARA', 1, 'B', 0, 0, 0, 0, 0, 0, 0, 0, 0, 0, 0, 0, 0, '0.00'),
(271, 19, 6, 4, 119, 12855103, 'EFRAIN QUINTERO', 1, 'B', 0, 0, 0, 0, 0, 0, 0, 0, 0, 0, 0, 0, 0, '0.00'),
(272, 19, 6, 4, 120, 14038428, 'JHONAL HERRERA', 1, 'B', 0, 0, 0, 0, 0, 0, 0, 0, 0, 0, 0, 0, 0, '0.00'),
(273, 19, 6, 4, 121, 13728092, 'VICTOR RONDON', 1, 'B', 0, 0, 0, 0, 0, 0, 0, 0, 0, 0, 0, 0, 0, '0.00'),
(274, 19, 6, 4, 122, 15129468, 'LUIS RODRIGUEZ', 1, 'B', 0, 0, 0, 0, 0, 0, 0, 0, 0, 0, 0, 0, 0, '0.00'),
(275, 19, 6, 4, 123, 14854652, 'CARLOS GOMEZ', 1, 'B', 0, 0, 0, 0, 0, 0, 0, 0, 0, 0, 0, 0, 0, '0.00'),
(276, 19, 6, 4, 124, 15453247, 'YAFAR MONROY', 1, 'B', 0, 0, 0, 0, 0, 0, 0, 0, 0, 0, 0, 0, 0, '0.00'),
(277, 19, 6, 4, 125, 15601046, 'GEORGE SOTO', 1, 'B', 0, 0, 0, 0, 0, 0, 0, 0, 0, 0, 0, 0, 0, '0.00'),
(278, 19, 6, 4, 126, 15301030, 'LUIS ZERPA', 1, 'B', 0, 0, 0, 0, 0, 0, 0, 0, 0, 0, 0, 0, 0, '0.00'),
(279, 19, 6, 4, 127, 14297327, 'JOEL URBINA', 1, 'B', 0, 0, 0, 0, 0, 0, 0, 0, 0, 0, 0, 0, 0, '0.00'),
(280, 19, 6, 4, 128, 15610809, 'DANIEL ESCALONA', 1, 'B', 0, 0, 0, 0, 0, 0, 0, 0, 0, 0, 0, 0, 0, '0.00'),
(281, 19, 6, 4, 129, 25538662, 'CARLOS CEBALLOS', 1, 'B', 0, 0, 0, 0, 0, 0, 0, 0, 0, 0, 0, 0, 0, '0.00'),
(282, 19, 6, 4, 130, 15533806, 'ULISES FILIPONE', 1, 'B', 0, 0, 0, 0, 0, 0, 0, 0, 0, 0, 0, 0, 0, '0.00'),
(283, 19, 6, 4, 131, 18851197, 'MARCOS CASTELLANO', 1, 'B', 0, 0, 0, 0, 0, 0, 0, 0, 0, 0, 0, 0, 0, '0.00'),
(284, 19, 6, 4, 132, 16691, 'DAVID GONZALEZ', 1, 'B', 0, 0, 0, 0, 0, 0, 0, 0, 0, 0, 0, 0, 0, '0.00'),
(285, 19, 6, 4, 424, 26369, 'Art Vel', 1, 'B', 0, 0, 0, 0, 0, 0, 0, 0, 0, 0, 0, 0, 0, '0.00'),
(286, 19, 6, 4, 425, 1526, 'qweedc rfvvbnm', 1, 'B', 0, 0, 0, 0, 0, 0, 0, 0, 0, 0, 0, 0, 0, '0.00'),
(287, 19, 6, 4, 426, 148632, 'yujjy ghgnhgn', 1, 'B', 0, 0, 0, 0, 0, 0, 0, 0, 0, 0, 0, 0, 0, '0.00'),
(288, 6, 3, 4, 114, 10753762, 'GILBERTO LUNA', 1, 'B', 0, 0, 0, 0, 0, 0, 0, 0, 0, 0, 0, 0, 0, '0.00'),
(289, 6, 3, 4, 115, 11093649, 'HERNAN TORREALBA', 1, 'B', 0, 0, 0, 0, 0, 0, 0, 0, 0, 0, 0, 0, 0, '0.00'),
(290, 6, 3, 4, 116, 13625600, 'DENIS SOLIS', 1, 'B', 0, 0, 0, 0, 0, 0, 0, 0, 0, 0, 0, 0, 0, '0.00'),
(291, 6, 3, 4, 117, 12568316, 'LUIS CASTELLANO', 1, 'B', 0, 0, 0, 0, 0, 0, 0, 0, 0, 0, 0, 0, 0, '0.00'),
(292, 6, 3, 4, 118, 13780614, 'FREDERIN GUEVARA', 1, 'B', 0, 0, 0, 0, 0, 0, 0, 0, 0, 0, 0, 0, 0, '0.00'),
(293, 6, 3, 4, 119, 12855103, 'EFRAIN QUINTERO', 1, 'B', 0, 0, 0, 0, 0, 0, 0, 0, 0, 0, 0, 0, 0, '0.00'),
(294, 6, 3, 4, 120, 14038428, 'JHONAL HERRERA', 1, 'B', 0, 0, 0, 0, 0, 0, 0, 0, 0, 0, 0, 0, 0, '0.00'),
(295, 6, 3, 4, 122, 15129468, 'LUIS RODRIGUEZ', 1, 'B', 0, 0, 0, 0, 0, 0, 0, 0, 0, 0, 0, 0, 0, '0.00'),
(296, 6, 3, 4, 123, 14854652, 'CARLOS GOMEZ', 1, 'B', 0, 0, 0, 0, 0, 0, 0, 0, 0, 0, 0, 0, 0, '0.00'),
(297, 6, 3, 4, 124, 15453247, 'YAFAR MONROY', 1, 'B', 0, 0, 0, 0, 0, 0, 0, 0, 0, 0, 0, 0, 0, '0.00'),
(298, 6, 3, 4, 125, 15601046, 'GEORGE SOTO', 1, 'B', 0, 0, 0, 0, 0, 0, 0, 0, 0, 0, 0, 0, 0, '0.00'),
(299, 6, 3, 4, 127, 14297327, 'JOEL URBINA', 1, 'B', 0, 0, 0, 0, 0, 0, 0, 0, 0, 0, 0, 0, 0, '0.00'),
(300, 6, 3, 4, 128, 15610809, 'DANIEL ESCALONA', 1, 'B', 0, 0, 0, 0, 0, 0, 0, 0, 0, 0, 0, 0, 0, '0.00'),
(301, 6, 3, 4, 129, 25538662, 'CARLOS CEBALLOS', 1, 'B', 0, 0, 0, 0, 0, 0, 0, 0, 0, 0, 0, 0, 0, '0.00'),
(302, 6, 3, 4, 130, 15533806, 'ULISES FILIPONE', 1, 'B', 0, 0, 0, 0, 0, 0, 0, 0, 0, 0, 0, 0, 0, '0.00'),
(303, 6, 3, 4, 132, 16691, 'DAVID GONZALEZ', 1, 'B', 0, 0, 0, 0, 0, 0, 0, 0, 0, 0, 0, 0, 0, '0.00'),
(304, 6, 3, 4, 424, 26369, 'Art Vel', 1, 'B', 0, 0, 0, 0, 0, 0, 0, 0, 0, 0, 0, 0, 0, '0.00'),
(305, 6, 3, 4, 425, 1526, 'qweedc rfvvbnm', 1, 'B', 0, 0, 0, 0, 0, 0, 0, 0, 0, 0, 0, 0, 0, '0.00'),
(306, 6, 3, 4, 426, 148632, 'yujjy ghgnhgn', 1, 'B', 0, 0, 0, 0, 0, 0, 0, 0, 0, 0, 0, 0, 0, '0.00'),
(307, 6, 3, 4, 112, 9439237, 'JOSE ROJAS', 2, 'B', 0, 0, 0, 0, 0, 0, 0, 0, 0, 0, 0, 0, 0, '0.00'),
(308, 6, 3, 4, 113, 9679218, 'FRANKLIN APARICIO', 2, 'B', 0, 0, 0, 0, 0, 0, 0, 0, 0, 0, 0, 0, 0, '0.00'),
(309, 6, 3, 4, 121, 13728092, 'VICTOR RONDON', 2, 'B', 0, 0, 0, 0, 0, 0, 0, 0, 0, 0, 0, 0, 0, '0.00'),
(310, 6, 3, 4, 126, 15301030, 'LUIS ZERPA', 2, 'B', 0, 0, 0, 0, 0, 0, 0, 0, 0, 0, 0, 0, 0, '0.00'),
(311, 6, 3, 4, 129, 25538662, 'CARLOS CEBALLOS', 2, 'B', 0, 0, 0, 0, 0, 0, 0, 0, 0, 0, 0, 0, 0, '0.00'),
(312, 6, 3, 4, 131, 18851197, 'MARCOS CASTELLANO', 2, 'B', 0, 0, 0, 0, 0, 0, 0, 0, 0, 0, 0, 0, 0, '0.00'),
(313, 6, 3, 4, 424, 26369, 'Art Vel', 2, 'B', 0, 0, 0, 0, 0, 0, 0, 0, 0, 0, 0, 0, 0, '0.00'),
(314, 6, 3, 4, 425, 1526, 'qweedc rfvvbnm', 2, 'B', 0, 0, 0, 0, 0, 0, 0, 0, 0, 0, 0, 0, 0, '0.00'),
(315, 6, 3, 4, 426, 148632, 'yujjy ghgnhgn', 2, 'B', 0, 0, 0, 0, 0, 0, 0, 0, 0, 0, 0, 0, 0, '0.00'),
(316, 6, 3, 4, 112, 9439237, 'JOSE ROJAS', 3, 'B', 0, 0, 0, 0, 0, 0, 0, 0, 0, 0, 0, 0, 0, '0.00'),
(317, 6, 3, 4, 113, 9679218, 'FRANKLIN APARICIO', 3, 'B', 0, 0, 0, 0, 0, 0, 0, 0, 0, 0, 0, 0, 0, '0.00'),
(318, 6, 3, 4, 114, 10753762, 'GILBERTO LUNA', 3, 'B', 0, 0, 0, 0, 0, 0, 0, 0, 0, 0, 0, 0, 0, '0.00'),
(319, 6, 3, 4, 115, 11093649, 'HERNAN TORREALBA', 3, 'B', 0, 0, 0, 0, 0, 0, 0, 0, 0, 0, 0, 0, 0, '0.00'),
(320, 6, 3, 4, 116, 13625600, 'DENIS SOLIS', 3, 'B', 0, 0, 0, 0, 0, 0, 0, 0, 0, 0, 0, 0, 0, '0.00'),
(321, 6, 3, 4, 117, 12568316, 'LUIS CASTELLANO', 3, 'B', 0, 0, 0, 0, 0, 0, 0, 0, 0, 0, 0, 0, 0, '0.00'),
(322, 6, 3, 4, 118, 13780614, 'FREDERIN GUEVARA', 3, 'B', 0, 0, 0, 0, 0, 0, 0, 0, 0, 0, 0, 0, 0, '0.00'),
(323, 6, 3, 4, 119, 12855103, 'EFRAIN QUINTERO', 3, 'B', 0, 0, 0, 0, 0, 0, 0, 0, 0, 0, 0, 0, 0, '0.00'),
(324, 6, 3, 4, 120, 14038428, 'JHONAL HERRERA', 3, 'B', 0, 0, 0, 0, 0, 0, 0, 0, 0, 0, 0, 0, 0, '0.00'),
(325, 6, 3, 4, 121, 13728092, 'VICTOR RONDON', 3, 'B', 0, 0, 0, 0, 0, 0, 0, 0, 0, 0, 0, 0, 0, '0.00'),
(326, 6, 3, 4, 122, 15129468, 'LUIS RODRIGUEZ', 3, 'B', 0, 0, 0, 0, 0, 0, 0, 0, 0, 0, 0, 0, 0, '0.00'),
(327, 6, 3, 4, 123, 14854652, 'CARLOS GOMEZ', 3, 'B', 0, 0, 0, 0, 0, 0, 0, 0, 0, 0, 0, 0, 0, '0.00'),
(328, 6, 3, 4, 124, 15453247, 'YAFAR MONROY', 3, 'B', 0, 0, 0, 0, 0, 0, 0, 0, 0, 0, 0, 0, 0, '0.00'),
(329, 6, 3, 4, 125, 15601046, 'GEORGE SOTO', 3, 'B', 0, 0, 0, 0, 0, 0, 0, 0, 0, 0, 0, 0, 0, '0.00'),
(330, 6, 3, 4, 126, 15301030, 'LUIS ZERPA', 3, 'B', 0, 0, 0, 0, 0, 0, 0, 0, 0, 0, 0, 0, 0, '0.00'),
(331, 6, 3, 4, 127, 14297327, 'JOEL URBINA', 3, 'B', 0, 0, 0, 0, 0, 0, 0, 0, 0, 0, 0, 0, 0, '0.00'),
(332, 6, 3, 4, 128, 15610809, 'DANIEL ESCALONA', 3, 'B', 0, 0, 0, 0, 0, 0, 0, 0, 0, 0, 0, 0, 0, '0.00'),
(333, 6, 3, 4, 130, 15533806, 'ULISES FILIPONE', 3, 'B', 0, 0, 0, 0, 0, 0, 0, 0, 0, 0, 0, 0, 0, '0.00'),
(334, 6, 3, 4, 131, 18851197, 'MARCOS CASTELLANO', 3, 'B', 0, 0, 0, 0, 0, 0, 0, 0, 0, 0, 0, 0, 0, '0.00'),
(335, 6, 3, 4, 132, 16691, 'DAVID GONZALEZ', 3, 'B', 0, 0, 0, 0, 0, 0, 0, 0, 0, 0, 0, 0, 0, '0.00'),
(336, 6, 3, 4, 424, 26369, 'Art Vel', 3, 'B', 0, 0, 0, 0, 0, 0, 0, 0, 0, 0, 0, 0, 0, '0.00'),
(337, 6, 3, 4, 425, 1526, 'qweedc rfvvbnm', 3, 'B', 0, 0, 0, 0, 0, 0, 0, 0, 0, 0, 0, 0, 0, '0.00'),
(338, 6, 3, 4, 426, 148632, 'yujjy ghgnhgn', 3, 'B', 0, 0, 0, 0, 0, 0, 0, 0, 0, 0, 0, 0, 0, '0.00');

-- --------------------------------------------------------

--
-- Estructura de tabla para la tabla `tab_clasf`
--

CREATE TABLE `tab_clasf` (
  `id_tab` int(100) NOT NULL,
  `id_temp` int(100) NOT NULL,
  `id_team` int(100) NOT NULL,
  `name_team` varchar(50) NOT NULL,
  `categoria` varchar(1) NOT NULL,
  `jj` int(100) DEFAULT NULL,
  `jg` int(100) DEFAULT NULL,
  `jp` int(100) DEFAULT NULL,
  `je` int(100) DEFAULT NULL,
  `avg` int(10) DEFAULT NULL,
  `ca` int(100) DEFAULT NULL,
  `ce` int(100) DEFAULT NULL,
  `dif` int(100) DEFAULT NULL
) ENGINE=InnoDB DEFAULT CHARSET=utf8mb4;

--
-- Volcado de datos para la tabla `tab_clasf`
--

INSERT INTO `tab_clasf` (`id_tab`, `id_temp`, `id_team`, `name_team`, `categoria`, `jj`, `jg`, `jp`, `je`, `avg`, `ca`, `ce`, `dif`) VALUES
(1, 1, 1, 'los panas', 'B', 0, 0, 0, 0, 0, 0, 0, 0),
(2, 1, 2, 'aviadores', 'B', 0, 0, 0, 0, 0, 0, 0, 0),
(3, 2, 3, 'lll', 'B', 0, 0, 0, 0, 0, 0, 0, 0),
(4, 2, 1, 'los panas', 'B', 0, 0, 0, 0, 0, 0, 0, 0),
(6, 3, 4, 'LOS PANAS', 'B', 3, 3, 0, 0, 1000, 10, 4, 6),
(7, 3, 6, 'HIDRO-RIEGO', 'B', 2, 0, 2, 0, 0, 2, 18, -16),
(8, 3, 5, 'ASTROS', 'B', 1, 0, 1, 0, 0, 0, 2, -2),
(9, 3, 7, 'LA FAMILIA', 'B', 3, 2, 1, 0, 667, 17, 10, 7),
(10, 3, 8, 'GREMIO', 'B', 2, 0, 2, 0, 0, 6, 10, -4),
(11, 3, 9, 'OMY', 'B', 2, 0, 2, 0, 0, 4, 21, -17),
(12, 3, 10, 'AVIADORES', 'B', 3, 3, 0, 0, 1000, 23, 6, 17),
(13, 4, 12, 'RENEGADOS', 'C', 0, 0, 0, 0, 0, 0, 0, 0),
(14, 4, 14, 'CPV', 'C', 0, 0, 0, 0, 0, 0, 0, 0),
(15, 4, 16, 'EL COMBO', 'C', 0, 0, 0, 0, 0, 0, 0, 0),
(16, 5, 19, 'WILLRIT', 'D', 0, 0, 0, 0, 0, 0, 0, 0),
(17, 5, 22, 'PIÑONAL', 'D', 0, 0, 0, 0, 0, 0, 0, 0),
(18, 5, 23, 'LOS COMPADRES', 'D', 0, 0, 0, 0, 0, 0, 0, 0),
(19, 6, 4, 'LOS PANAS', 'B', 0, 0, 0, 0, 0, 0, 0, 0),
(20, 6, 5, 'ASTROS', 'B', 0, 0, 0, 0, 0, 0, 0, 0),
(21, 6, 6, 'HIDRO-RIEGO', 'B', 0, 0, 0, 0, 0, 0, 0, 0),
(22, 6, 7, 'LA FAMILIA', 'B', 0, 0, 0, 0, 0, 0, 0, 0),
(23, 6, 8, 'GREMIO', 'B', 0, 0, 0, 0, 0, 0, 0, 0),
(24, 6, 9, 'OMY', 'B', 0, 0, 0, 0, 0, 0, 0, 0),
(25, 6, 10, 'AVIADORES', 'B', 0, 0, 0, 0, 0, 0, 0, 0);

-- --------------------------------------------------------

--
-- Estructura de tabla para la tabla `temporada`
--

CREATE TABLE `temporada` (
  `id_temp` int(100) NOT NULL,
  `name_temp` text NOT NULL,
  `categoria` varchar(1) NOT NULL,
  `partidas` int(100) NOT NULL,
  `innings` int(10) NOT NULL,
  `valor` decimal(10,2) NOT NULL,
  `nequipos` int(10) NOT NULL,
  `activo` int(1) DEFAULT NULL
) ENGINE=InnoDB DEFAULT CHARSET=utf8mb4;

--
-- Volcado de datos para la tabla `temporada`
--

INSERT INTO `temporada` (`id_temp`, `name_temp`, `categoria`, `partidas`, `innings`, `valor`, `nequipos`, `activo`) VALUES
(3, 'mayo 2025', 'B', 12, 7, '2.50', 0, 1),
(4, 'v3c', 'C', 10, 7, '2.50', 3, 1),
(5, 'v4d', 'D', 10, 7, '2.50', 3, 1),
(6, 'mayo 2025v2', 'B', 10, 7, '2.50', 7, 1);

-- --------------------------------------------------------

--
-- Estructura de tabla para la tabla `tiempos`
--

CREATE TABLE `tiempos` (
  `id_tiempo` int(100) NOT NULL,
  `hora` varchar(50) NOT NULL
) ENGINE=InnoDB DEFAULT CHARSET=utf8mb4;

--
-- Volcado de datos para la tabla `tiempos`
--

INSERT INTO `tiempos` (`id_tiempo`, `hora`) VALUES
(1, '08:00 AM'),
(2, '08:30 AM'),
(3, '09:00 AM'),
(4, '09:30 AM'),
(5, '10:00 AM'),
(6, '10:30 AM'),
(7, '11:00 AM'),
(8, '11:30 AM'),
(9, '12:00 PM'),
(10, '12:30 PM'),
(11, '01:00 PM'),
(12, '01:30 PM'),
(13, '02:00 PM'),
(14, '02:30 PM'),
(15, '03:00 PM'),
(16, '03:30 PM'),
(17, '04:00 PM'),
(18, '04:30 PM'),
(19, '05:00 PM'),
(20, '05:30 PM'),
(21, '06:00 PM'),
(22, '06:30 PM'),
(23, '07:00 PM'),
(24, '07:30 PM'),
(25, '08:00 PM'),
(26, '08:30 PM'),
(27, '09:00 PM'),
(28, '09:30 PM');

--
-- Índices para tablas volcadas
--

--
-- Indices de la tabla `calendario`
--
ALTER TABLE `calendario`
  ADD PRIMARY KEY (`id_cal`);

--
-- Indices de la tabla `categorias`
--
ALTER TABLE `categorias`
  ADD PRIMARY KEY (`id_cat`);

--
-- Indices de la tabla `equipos`
--
ALTER TABLE `equipos`
  ADD PRIMARY KEY (`id_team`);

--
-- Indices de la tabla `homenaje`
--
ALTER TABLE `homenaje`
  ADD PRIMARY KEY (`id_hnr`);

--
-- Indices de la tabla `juegos`
--
ALTER TABLE `juegos`
  ADD PRIMARY KEY (`id_juego`);

--
-- Indices de la tabla `jugadores`
--
ALTER TABLE `jugadores`
  ADD PRIMARY KEY (`id_player`);

--
-- Indices de la tabla `jugadores_lanz`
--
ALTER TABLE `jugadores_lanz`
  ADD PRIMARY KEY (`id_lanz`);

--
-- Indices de la tabla `jugadores_stats`
--
ALTER TABLE `jugadores_stats`
  ADD PRIMARY KEY (`id_js`);

--
-- Indices de la tabla `puntaje`
--
ALTER TABLE `puntaje`
  ADD PRIMARY KEY (`id_ttb`);

--
-- Indices de la tabla `resumen_lanz`
--
ALTER TABLE `resumen_lanz`
  ADD PRIMARY KEY (`id_rslz`);

--
-- Indices de la tabla `resumen_stats`
--
ALTER TABLE `resumen_stats`
  ADD PRIMARY KEY (`id_rsts`);

--
-- Indices de la tabla `tab_clasf`
--
ALTER TABLE `tab_clasf`
  ADD PRIMARY KEY (`id_tab`);

--
-- Indices de la tabla `temporada`
--
ALTER TABLE `temporada`
  ADD PRIMARY KEY (`id_temp`);

--
-- Indices de la tabla `tiempos`
--
ALTER TABLE `tiempos`
  ADD PRIMARY KEY (`id_tiempo`);

--
-- AUTO_INCREMENT de las tablas volcadas
--

--
-- AUTO_INCREMENT de la tabla `calendario`
--
ALTER TABLE `calendario`
  MODIFY `id_cal` int(100) NOT NULL AUTO_INCREMENT, AUTO_INCREMENT=12;

--
-- AUTO_INCREMENT de la tabla `categorias`
--
ALTER TABLE `categorias`
  MODIFY `id_cat` int(10) NOT NULL AUTO_INCREMENT, AUTO_INCREMENT=4;

--
-- AUTO_INCREMENT de la tabla `equipos`
--
ALTER TABLE `equipos`
  MODIFY `id_team` int(10) NOT NULL AUTO_INCREMENT, AUTO_INCREMENT=24;

--
-- AUTO_INCREMENT de la tabla `homenaje`
--
ALTER TABLE `homenaje`
  MODIFY `id_hnr` int(100) NOT NULL AUTO_INCREMENT, AUTO_INCREMENT=7;

--
-- AUTO_INCREMENT de la tabla `juegos`
--
ALTER TABLE `juegos`
  MODIFY `id_juego` int(100) NOT NULL AUTO_INCREMENT, AUTO_INCREMENT=18;

--
-- AUTO_INCREMENT de la tabla `jugadores`
--
ALTER TABLE `jugadores`
  MODIFY `id_player` int(100) NOT NULL AUTO_INCREMENT, AUTO_INCREMENT=427;

--
-- AUTO_INCREMENT de la tabla `jugadores_lanz`
--
ALTER TABLE `jugadores_lanz`
  MODIFY `id_lanz` int(100) NOT NULL AUTO_INCREMENT, AUTO_INCREMENT=128;

--
-- AUTO_INCREMENT de la tabla `jugadores_stats`
--
ALTER TABLE `jugadores_stats`
  MODIFY `id_js` int(100) NOT NULL AUTO_INCREMENT, AUTO_INCREMENT=584;

--
-- AUTO_INCREMENT de la tabla `puntaje`
--
ALTER TABLE `puntaje`
  MODIFY `id_ttb` int(100) NOT NULL AUTO_INCREMENT, AUTO_INCREMENT=18;

--
-- AUTO_INCREMENT de la tabla `resumen_lanz`
--
ALTER TABLE `resumen_lanz`
  MODIFY `id_rslz` int(100) NOT NULL AUTO_INCREMENT, AUTO_INCREMENT=77;

--
-- AUTO_INCREMENT de la tabla `resumen_stats`
--
ALTER TABLE `resumen_stats`
  MODIFY `id_rsts` int(100) NOT NULL AUTO_INCREMENT, AUTO_INCREMENT=339;

--
-- AUTO_INCREMENT de la tabla `tab_clasf`
--
ALTER TABLE `tab_clasf`
  MODIFY `id_tab` int(100) NOT NULL AUTO_INCREMENT, AUTO_INCREMENT=26;

--
-- AUTO_INCREMENT de la tabla `temporada`
--
ALTER TABLE `temporada`
  MODIFY `id_temp` int(100) NOT NULL AUTO_INCREMENT, AUTO_INCREMENT=7;

--
-- AUTO_INCREMENT de la tabla `tiempos`
--
ALTER TABLE `tiempos`
  MODIFY `id_tiempo` int(100) NOT NULL AUTO_INCREMENT, AUTO_INCREMENT=29;
COMMIT;

/*!40101 SET CHARACTER_SET_CLIENT=@OLD_CHARACTER_SET_CLIENT */;
/*!40101 SET CHARACTER_SET_RESULTS=@OLD_CHARACTER_SET_RESULTS */;
/*!40101 SET COLLATION_CONNECTION=@OLD_COLLATION_CONNECTION */;
